H,M,γu,γd,energy,error_r
10.0,1,0.6,0.6,-1.1221513108765295,1.4142871057572718e-5
10.0,3,0.6,0.6,-1.122167181528639,1.2158791584584593e-11
10.0,5,0.6,0.6,-1.1221671815417933,4.365039421233175e-13
10.0,7,0.6,0.6,-1.122167181541795,4.349209722516101e-13
10.0,9,0.6,0.6,-1.122167181541799,4.313592900402684e-13
10.0,11,0.6,0.6,-1.122167181541783,4.456060188856351e-13
10.0,13,0.6,0.6,-1.122167181541824,4.091977118363647e-13
10.0,15,0.6,0.6,-1.1221671815419634,2.849345769073333e-13
10.0,17,0.6,0.6,-1.122167181541864,3.7358088972294805e-13
10.0,19,0.6,0.6,-1.1221671815419132,3.296534757830675e-13
10.0,21,0.6,0.6,-1.1221671815418253,4.0801048443258414e-13
10.0,23,0.6,0.6,-1.1221671815419776,2.72270817933674e-13
10.0,25,0.6,0.6,-1.122167181541673,5.437501509314943e-13
10.0,27,0.6,0.6,-1.1221671815416698,5.465203482069823e-13
10.0,29,0.6,0.6,-1.122167181541684,5.33856589233323e-13
10.0,31,0.6,0.6,-1.1221671815416427,5.706606387505203e-13
10.0,33,0.6,0.6,-1.1221671815417285,4.942823424406378e-13
10.0,35,0.6,0.6,-1.1221671815416636,5.520607427579582e-13
10.0,37,0.6,0.6,-1.1221671815416636,5.520607427579582e-13
10.0,39,0.6,0.6,-1.1221671815416645,5.512692578221045e-13
10.0,41,0.6,0.6,-1.122167181541653,5.615585619882027e-13
10.0,43,0.6,0.6,-1.1221671815418777,3.6131287321721565e-13
10.0,45,0.6,0.6,-1.1221671815416632,5.524564852258851e-13
10.0,47,0.6,0.6,-1.1221671815416632,5.524564852258851e-13
10.0,49,0.6,0.6,-1.1221671815419607,2.873090317148944e-13
10.0,1,0.6,-0.6,-2.240046709887994,7.134479312254308e-6
10.0,3,0.6,-0.6,-2.2400307284222847,5.722526427696472e-12
10.0,5,0.6,-0.6,-2.2400307284355536,2.0102691140426893e-13
10.0,7,0.6,-0.6,-2.240030728435556,2.0201816836385605e-13
10.0,9,0.6,-0.6,-2.2400307284355603,2.040006822830303e-13
10.0,11,0.6,-0.6,-2.2400307284355465,1.9785488913359013e-13
10.0,13,0.6,-0.6,-2.240030728435509,1.8120177221252643e-13
10.0,15,0.6,-0.6,-2.240030728435401,1.3282843258467473e-13
10.0,17,0.6,-0.6,-2.2400307284355123,1.825895319559484e-13
10.0,19,0.6,-0.6,-2.2400307284354475,1.5364482873600435e-13
10.0,21,0.6,-0.6,-2.2400307284355465,1.9785488913359013e-13
10.0,23,0.6,-0.6,-2.240030728435407,1.3560395207151868e-13
10.0,25,0.6,-0.6,-2.240030728435702,2.6724287630468887e-13
10.0,27,0.6,-0.6,-2.240030728435707,2.6942364161578053e-13
10.0,29,0.6,-0.6,-2.2400307284356993,2.6605336795318434e-13
10.0,31,0.6,-0.6,-2.2400307284357033,2.6783763048044116e-13
10.0,33,0.6,-0.6,-2.240030728435623,2.3195412854338723e-13
10.0,35,0.6,-0.6,-2.2400307284357033,2.6783763048044116e-13
10.0,37,0.6,-0.6,-2.2400307284357037,2.680358818723586e-13
10.0,39,0.6,-0.6,-2.240030728435701,2.66846373520854e-13
10.0,41,0.6,-0.6,-2.2400307284357095,2.706131499672851e-13
10.0,43,0.6,-0.6,-2.2400307284354883,1.7188395679240746e-13
10.0,45,0.6,-0.6,-2.2400307284357033,2.6783763048044116e-13
10.0,47,0.6,-0.6,-2.240030728435706,2.690271388319457e-13
10.0,49,0.6,-0.6,-2.2400307284354817,1.6891018591364607e-13
10.0,1,-0.6,-0.6,-2.7295275961948646,5.891992716231705e-6
10.0,3,-0.6,-0.6,-2.72954367863338,4.747179928416168e-12
10.0,5,-0.6,-0.6,-2.729543678646774,1.5976868495800525e-13
10.0,7,-0.6,-0.6,-2.729543678646776,1.6058217113396252e-13
10.0,9,-0.6,-0.6,-2.729543678646779,1.6155835454511122e-13
10.0,11,-0.6,-0.6,-2.7295436786467744,1.599313821931967e-13
10.0,13,-0.6,-0.6,-2.7295436786467335,1.449632365555832e-13
10.0,15,-0.6,-0.6,-2.7295436786466234,1.0461432222810323e-13
10.0,17,-0.6,-0.6,-2.7295436786467357,1.4577672273154044e-13
10.0,19,-0.6,-0.6,-2.729543678646669,1.2137213745282272e-13
10.0,21,-0.6,-0.6,-2.7295436786467735,1.596059877228138e-13
10.0,23,-0.6,-0.6,-2.7295436786466287,1.0656668905040065e-13
10.0,25,-0.6,-0.6,-2.729543678646923,2.1443495598233292e-13
10.0,27,-0.6,-0.6,-2.729543678646929,2.165500200398218e-13
10.0,29,-0.6,-0.6,-2.729543678646922,2.1394686427675855e-13
10.0,31,-0.6,-0.6,-2.729543678646923,2.1443495598233292e-13
10.0,33,-0.6,-0.6,-2.729543678646844,1.8547484811825457e-13
10.0,35,-0.6,-0.6,-2.7295436786469196,2.131333781008013e-13
10.0,37,-0.6,-0.6,-2.729543678646922,2.1394686427675855e-13
10.0,39,-0.6,-0.6,-2.7295436786469227,2.1427225874714146e-13
10.0,41,-0.6,-0.6,-2.729543678646929,2.165500200398218e-13
10.0,43,-0.6,-0.6,-2.729543678646711,1.3666567756081917e-13
10.0,45,-0.6,-0.6,-2.72954367864693,2.168754145102047e-13
10.0,47,-0.6,-0.6,-2.729543678646928,2.1622462556943888e-13
10.0,49,-0.6,-0.6,-2.7295436786467056,1.3471331073852175e-13
10.0,1,0.95,0.95,-0.6533332276586754,6.0657657621539654e-5
10.0,3,0.95,0.95,-0.653372859645319,1.233306129971767e-10
10.0,5,0.95,0.95,-0.6533728597273085,2.1559679938884356e-12
10.0,7,0.95,0.95,-0.6533728597274782,2.415608527830864e-12
10.0,9,0.95,0.95,-0.6533728597272179,2.0173117925160392e-12
10.0,11,0.95,0.95,-0.6533728597273756,2.258600770394474e-12
10.0,13,0.95,0.95,-0.6533728597265549,1.0025387109033552e-12
10.0,15,0.95,0.95,-0.6533728597268911,1.517061967956806e-12
10.0,17,0.95,0.95,-0.6533728597267925,1.3661713958750805e-12
10.0,19,0.95,0.95,-0.6533728597276567,2.68884280700588e-12
10.0,21,0.95,0.95,-0.6533728597291626,4.993662311191153e-12
10.0,23,0.95,0.95,-0.653372859730625,7.231872463736745e-12
10.0,25,0.95,0.95,-0.6533728597299038,6.1280603508506105e-12
10.0,27,0.95,0.95,-0.6533728597303563,6.8206616704509625e-12
10.0,29,0.95,0.95,-0.6533728597317134,8.897785941990389e-12
10.0,31,0.95,0.95,-0.6533728597281843,3.4963112738215992e-12
10.0,33,0.95,0.95,-0.653372859728961,4.685084294411408e-12
10.0,35,0.95,0.95,-0.6533728597282695,3.626811228054443e-12
10.0,37,0.95,0.95,-0.6533728597251085,1.211202700223579e-12
10.0,39,0.95,0.95,-0.6533728597228361,4.689162417981184e-12
10.0,41,0.95,0.95,-0.6533728597204687,8.312575209727481e-12
10.0,43,0.95,0.95,-0.6533728597157031,1.5606299214272502e-11
10.0,45,0.95,0.95,-0.6533728597159083,1.5292283699399722e-11
10.0,47,0.95,0.95,-0.6533728597175243,1.2818901754330358e-11
10.0,49,0.95,0.95,-0.6533728597186603,1.108026173908237e-11
10.0,1,0.95,-0.95,-2.423334276093505,1.6536068725987848e-5
10.0,3,0.95,-0.95,-2.423294204251312,3.412162922312093e-11
10.0,5,0.95,-0.95,-2.4232942043347228,2.9871132063163753e-13
10.0,7,0.95,-0.95,-2.423294204334721,2.9797828671597705e-13
10.0,9,0.95,-0.95,-2.423294204334708,2.9266379082743873e-13
10.0,11,0.95,-0.95,-2.423294204334722,2.983448036738073e-13
10.0,13,0.95,-0.95,-2.423294204334688,2.8441715927625854e-13
10.0,15,0.95,-0.95,-2.4232942043344816,1.9920196658073005e-13
10.0,17,0.95,-0.95,-2.4232942043346624,2.737881674991819e-13
10.0,19,0.95,-0.95,-2.4232942043345727,2.3676995475832864e-13
10.0,21,0.95,-0.95,-2.4232942043346912,2.8569996862866437e-13
10.0,23,0.95,-0.95,-2.4232942043345584,2.3090568343304495e-13
10.0,25,0.95,-0.95,-2.4232942043349857,4.072003401493856e-13
10.0,27,0.95,-0.95,-2.423294204335,4.130646114746693e-13
10.0,29,0.95,-0.95,-2.4232942043350127,4.1837910736320766e-13
10.0,31,0.95,-0.95,-2.4232942043350016,4.1379764539032977e-13
10.0,33,0.95,-0.95,-2.4232942043348586,3.5478841517966274e-13
10.0,35,0.95,-0.95,-2.4232942043349888,4.0848314950179144e-13
10.0,37,0.95,-0.95,-2.4232942043349426,3.894242676946195e-13
10.0,39,0.95,-0.95,-2.4232942043350243,4.2314382781500063e-13
10.0,41,0.95,-0.95,-2.4232942043349417,3.8905775073678924e-13
10.0,43,0.95,-0.95,-2.4232942043346073,2.5106411611370763e-13
10.0,45,0.95,-0.95,-2.4232942043349426,3.894242676946195e-13
10.0,47,0.95,-0.95,-2.4232942043349786,4.042682044867438e-13
10.0,49,0.95,-0.95,-2.42329420433457,2.3567040388483797e-13
10.0,1,-0.95,-0.95,-3.1983456794127165,1.2654106931224174e-5
10.0,3,-0.95,-0.95,-3.198386152049102,2.6260442721131788e-11
10.0,5,-0.95,-0.95,-3.198386152133785,2.1632503269968078e-13
10.0,7,-0.95,-0.95,-3.1983861521337884,2.174358159227857e-13
10.0,9,-0.95,-0.95,-3.198386152133763,2.0952148545816322e-13
10.0,11,-0.95,-0.95,-3.1983861521337813,2.1521424947657587e-13
10.0,13,-0.95,-0.95,-3.1983861521336507,1.7439296602747052e-13
10.0,15,-0.95,-0.95,-3.198386152133524,1.3482131370435819e-13
10.0,17,-0.95,-0.95,-3.1983861521337187,1.9563669516935188e-13
10.0,19,-0.95,-0.95,-3.1983861521336436,1.721713995812607e-13
10.0,21,-0.95,-0.95,-3.1983861521338044,2.224343404267578e-13
10.0,23,-0.95,-0.95,-3.198386152133541,1.400975340141065e-13
10.0,25,-0.95,-0.95,-3.1983861521340025,2.8436050511485637e-13
10.0,27,-0.95,-0.95,-3.198386152134015,2.8824824639572356e-13
10.0,29,-0.95,-0.95,-3.1983861521340944,3.1310202101269587e-13
10.0,31,-0.95,-0.95,-3.1983861521340606,3.025495803931993e-13
10.0,33,-0.95,-0.95,-3.1983861521339123,2.5617438082856936e-13
10.0,35,-0.95,-0.95,-3.1983861521339714,2.7464115191268844e-13
10.0,37,-0.95,-0.95,-3.1983861521340113,2.871374631726187e-13
10.0,39,-0.95,-0.95,-3.198386152134001,2.8394396140619204e-13
10.0,41,-0.95,-0.95,-3.1983861521340056,2.853324404350732e-13
10.0,43,-0.95,-0.95,-3.1983861521336725,1.8119651326898808e-13
10.0,45,-0.95,-0.95,-3.198386152134022,2.904698128419334e-13
10.0,47,-0.95,-0.95,-3.1983861521340033,2.8463820092063264e-13
10.0,49,-0.95,-0.95,-3.1983861521336854,1.8522310245274338e-13
10.0,1,1.0,1.0,-0.5863592157704125,7.484468887544007e-5
10.0,3,1.0,1.0,-0.586403104816684,1.904363195337782e-10
10.0,5,1.0,1.0,-0.586403104917383,1.871314166512765e-11
10.0,7,1.0,1.0,-0.5864031049174492,1.8600302405390538e-11
10.0,9,1.0,1.0,-0.5864031049174696,1.856546612386096e-11
10.0,11,1.0,1.0,-0.5864031049178688,1.788464401309812e-11
10.0,13,1.0,1.0,-0.5864031049174465,1.8604846268198743e-11
10.0,15,1.0,1.0,-0.586403104917804,1.799521134143113e-11
10.0,17,1.0,1.0,-0.5864031049174492,1.8600302405390538e-11
10.0,19,1.0,1.0,-0.5864031049176783,1.8209530203884836e-11
10.0,21,1.0,1.0,-0.5864031049170602,1.9263706375388586e-11
10.0,23,1.0,1.0,-0.5864031049166512,1.996118931644818e-11
10.0,25,1.0,1.0,-0.5864031049156564,2.165756476484502e-11
10.0,27,1.0,1.0,-0.5864031049161658,2.0788929658009675e-11
10.0,29,1.0,1.0,-0.5864031049172995,1.8855516033118098e-11
10.0,31,1.0,1.0,-0.5864031049162479,2.0648827221423328e-11
10.0,33,1.0,1.0,-0.5864031049160352,2.101157893561176e-11
10.0,35,1.0,1.0,-0.5864031049170255,1.9322776591895263e-11
10.0,37,1.0,1.0,-0.5864031049195999,1.4932647808700403e-11
10.0,39,1.0,1.0,-0.5864031049178897,1.7849050421100508e-11
10.0,41,1.0,1.0,-0.5864031049181175,1.746055015099891e-11
10.0,43,1.0,1.0,-0.5864031049169323,1.9481811790182467e-11
10.0,45,1.0,1.0,-0.5864031049221263,1.0624308556053248e-11
10.0,47,1.0,1.0,-0.5864031049158851,2.1267549873807354e-11
10.0,49,1.0,1.0,-0.5864031049178582,1.7902819464330944e-11
10.0,1,1.0,-1.0,-2.4495182141228633,1.8127146671838355e-5
10.0,3,1.0,-1.0,-2.449473812050667,4.1288319027326014e-11
10.0,5,1.0,-1.0,-2.4494738121530992,5.297581320299761e-13
10.0,7,1.0,-1.0,-2.4494738121531543,5.522393121708785e-13
10.0,9,1.0,-1.0,-2.4494738121531565,5.531458113701085e-13
10.0,11,1.0,-1.0,-2.4494738121531405,5.466190171356529e-13
10.0,13,1.0,-1.0,-2.449473812153064,5.154354446821431e-13
10.0,15,1.0,-1.0,-2.4494738121529074,4.514366012165094e-13
10.0,17,1.0,-1.0,-2.4494738121531165,5.368288257839696e-13
10.0,19,1.0,-1.0,-2.4494738121529323,4.615893922478847e-13
10.0,21,1.0,-1.0,-2.4494738121531143,5.359223265847396e-13
10.0,23,1.0,-1.0,-2.4494738121526956,3.6495657760997327e-13
10.0,25,1.0,-1.0,-2.449473812153255,5.933943758159178e-13
10.0,27,1.0,-1.0,-2.449473812153251,5.917626772573039e-13
10.0,29,1.0,-1.0,-2.4494738121531676,5.576783073662582e-13
10.0,31,1.0,-1.0,-2.449473812153284,6.05178865405907e-13
10.0,33,1.0,-1.0,-2.4494738121530384,5.049200539710758e-13
10.0,35,1.0,-1.0,-2.449473812153341,6.283852449061934e-13
10.0,37,1.0,-1.0,-2.449473812153187,5.656555003194816e-13
10.0,39,1.0,-1.0,-2.4494738121531414,5.469816168153449e-13
10.0,41,1.0,-1.0,-2.449473812153351,6.325551412226511e-13
10.0,43,1.0,-1.0,-2.4494738121528643,4.338505167514486e-13
10.0,45,1.0,-1.0,-2.449473812153083,5.230500379556745e-13
10.0,47,1.0,-1.0,-2.4494738121533364,6.265722465077335e-13
10.0,49,1.0,-1.0,-2.449473812152785,4.013978454190168e-13
10.0,1,-1.0,-1.0,-3.265319691300981,1.3741082013919286e-5
10.0,3,-1.0,-1.0,-3.26536456083978,3.167750157612641e-11
10.0,5,-1.0,-1.0,-3.265364560943826,1.8604784480768723e-13
10.0,7,-1.0,-1.0,-3.265364560943836,1.8917584219845974e-13
10.0,9,-1.0,-1.0,-3.2653645609438295,1.8713584390012985e-13
10.0,11,-1.0,-1.0,-3.2653645609438,1.7802385150092294e-13
10.0,13,-1.0,-1.0,-3.265364560943649,1.317838900721118e-13
10.0,15,-1.0,-1.0,-3.265364560943444,6.908794237010608e-14
10.0,17,-1.0,-1.0,-3.2653645609436834,1.423918812234273e-13
10.0,19,-1.0,-1.0,-3.2653645609436333,1.2702389404267535e-13
10.0,21,-1.0,-1.0,-3.265364560943651,1.3246388950488842e-13
10.0,23,-1.0,-1.0,-3.2653645609434396,6.772794350455281e-14
10.0,25,-1.0,-1.0,-3.265364560943956,2.2589581156839802e-13
10.0,27,-1.0,-1.0,-3.2653645609440285,2.480637930769163e-13
10.0,29,-1.0,-1.0,-3.265364560943943,2.2181581497173822e-13
10.0,31,-1.0,-1.0,-3.2653645609442,3.005597492872725e-13
10.0,33,-1.0,-1.0,-3.2653645609438695,1.9937583369010927e-13
10.0,35,-1.0,-1.0,-3.2653645609439224,2.1555982019019318e-13
10.0,37,-1.0,-1.0,-3.2653645609439685,2.297038083919472e-13
10.0,39,-1.0,-1.0,-3.2653645609440196,2.453437953458098e-13
10.0,41,-1.0,-1.0,-3.2653645609440067,2.4139979863570527e-13
10.0,43,-1.0,-1.0,-3.265364560943908,2.112078238204227e-13
10.0,45,-1.0,-1.0,-3.2653645609442807,3.25311728640342e-13
10.0,47,-1.0,-1.0,-3.2653645609440844,2.651997787828875e-13
10.0,49,-1.0,-1.0,-3.265364560943409,5.834395133223525e-14
5.0,1,0.6,0.6,3.1237277498162133,0.0005961525322135162
5.0,3,0.6,0.6,3.1255898727876614,3.8586777454958295e-7
5.0,5,0.6,0.6,3.125591078120632,2.341646633229367e-10
5.0,7,0.6,0.6,3.1255910789292796,2.4553560170127314e-11
5.0,9,0.6,0.6,3.1255910789298333,2.473073601645918e-11
5.0,11,0.6,0.6,3.1255910789221124,2.226050404827488e-11
5.0,13,0.6,0.6,3.125591078914396,1.979169289682139e-11
5.0,15,0.6,0.6,3.1255910789143866,1.978870918168669e-11
5.0,17,0.6,0.6,3.1255910789143835,1.9787714609975125e-11
5.0,19,0.6,0.6,3.1255910789143764,1.978544130320583e-11
5.0,21,0.6,0.6,3.1255910789143804,1.9786720038263556e-11
5.0,23,0.6,0.6,3.125591078914387,1.9788851263359773e-11
5.0,25,0.6,0.6,3.125591078914386,1.978856710001361e-11
5.0,27,0.6,0.6,3.125591078914385,1.9788140854994366e-11
5.0,29,0.6,0.6,3.1255910789143764,1.978544130320583e-11
5.0,31,0.6,0.6,3.125591078914379,1.9786293793244316e-11
5.0,33,0.6,0.6,3.125591078914374,1.9784730894840425e-11
5.0,35,0.6,0.6,3.1255910789143693,1.9783167996436537e-11
5.0,37,0.6,0.6,3.1255910789143604,1.9780326362974917e-11
5.0,39,0.6,0.6,3.125591078945263,2.9667221665981514e-11
5.0,41,0.6,0.6,3.125591078945271,2.9669921217770055e-11
5.0,43,0.6,0.6,3.125591078945275,2.9671199952827784e-11
5.0,45,0.6,0.6,3.125591078914346,1.9775779749436328e-11
5.0,47,0.6,0.6,3.125591078914338,1.9773222279320875e-11
5.0,49,0.6,0.6,3.12559107891433,1.9770664809205418e-11
5.0,1,0.6,-0.6,-4.621190168971484,0.00036979163892152025
5.0,3,0.6,-0.6,-4.622900784391713,2.3919435393181367e-7
5.0,5,0.6,-0.6,-4.622899677955662,1.4375161709602486e-10
5.0,7,0.6,-0.6,-4.622899678697975,1.682138457774942e-11
5.0,9,0.6,-0.6,-4.622899678697481,1.671456261844169e-11
5.0,11,0.6,-0.6,-4.622899678689752,1.5042683679780118e-11
5.0,13,0.6,-0.6,-4.62289967868203,1.337234174772729e-11
5.0,15,0.6,-0.6,-4.622899678682024,1.3370996866944638e-11
5.0,17,0.6,-0.6,-4.622899678682023,1.3370804741118545e-11
5.0,19,0.6,-0.6,-4.622899678682023,1.3370804741118545e-11
5.0,21,0.6,-0.6,-4.6228996786820264,1.3371573244422917e-11
5.0,23,0.6,-0.6,-4.622899678682025,1.3371188992770732e-11
5.0,25,0.6,-0.6,-4.622899678682026,1.3371381118596824e-11
5.0,27,0.6,-0.6,-4.6228996786820264,1.3371573244422917e-11
5.0,29,0.6,-0.6,-4.622899678682031,1.3372533873553382e-11
5.0,31,0.6,-0.6,-4.622899678682027,1.3371765370249011e-11
5.0,33,0.6,-0.6,-4.622899678682028,1.3371957496075103e-11
5.0,35,0.6,-0.6,-4.622899678682025,1.3371188992770732e-11
5.0,37,0.6,-0.6,-4.622899678682032,1.3372725999379475e-11
5.0,39,0.6,-0.6,-4.6228996787129315,2.0056783489156096e-11
5.0,41,0.6,-0.6,-4.6228996787129315,2.0056783489156096e-11
5.0,43,0.6,-0.6,-4.622899678712931,2.0056591363330004e-11
5.0,45,0.6,-0.6,-4.622899678682029,1.3372149621901196e-11
5.0,47,0.6,-0.6,-4.622899678682025,1.3371188992770732e-11
5.0,49,0.6,-0.6,-4.6228996786820264,1.3371573244422917e-11
5.0,1,-0.6,-0.6,-4.758629660646287,0.0003515663019656105
5.0,3,-0.6,-0.6,-4.756958356884681,2.2748072564615652e-7
5.0,5,-0.6,-0.6,-4.756957275571837,1.6885773330613644e-10
5.0,7,-0.6,-0.6,-4.756957274846341,1.6345094295842883e-11
5.0,9,-0.6,-0.6,-4.756957274845858,1.6243523263687594e-11
5.0,11,-0.6,-0.6,-4.756957274838129,1.4618760172115265e-11
5.0,13,-0.6,-0.6,-4.756957274830404,1.2994743926367607e-11
5.0,15,-0.6,-0.6,-4.756957274830403,1.2994557214911439e-11
5.0,17,-0.6,-0.6,-4.756957274830398,1.29936236576306e-11
5.0,19,-0.6,-0.6,-4.756957274830402,1.2994370503455272e-11
5.0,21,-0.6,-0.6,-4.756957274830403,1.2994557214911439e-11
5.0,23,-0.6,-0.6,-4.7569572748304,1.2993997080542935e-11
5.0,25,-0.6,-0.6,-4.7569572748304,1.2993997080542935e-11
5.0,27,-0.6,-0.6,-4.756957274830402,1.2994370503455272e-11
5.0,29,-0.6,-0.6,-4.756957274830403,1.2994557214911439e-11
5.0,31,-0.6,-0.6,-4.756957274830402,1.2994370503455272e-11
5.0,33,-0.6,-0.6,-4.756957274830399,1.2993810369086769e-11
5.0,35,-0.6,-0.6,-4.7569572748304,1.2993997080542935e-11
5.0,37,-0.6,-0.6,-4.756957274830403,1.2994557214911439e-11
5.0,39,-0.6,-0.6,-4.756957274861309,1.9491555755182907e-11
5.0,41,-0.6,-0.6,-4.756957274861309,1.9491555755182907e-11
5.0,43,-0.6,-0.6,-4.756957274861309,1.9491555755182907e-11
5.0,45,-0.6,-0.6,-4.756957274830405,1.2995117349279943e-11
5.0,47,-0.6,-0.6,-4.756957274830399,1.2993810369086769e-11
5.0,49,-0.6,-0.6,-4.756957274830405,1.2995117349279943e-11
5.0,1,0.95,0.95,5.422748661201112,0.0008872451275473019
5.0,3,0.95,0.95,5.427556425534487,1.4399818535890266e-6
5.0,5,0.95,0.95,5.427564228111695,2.3982780299905476e-9
5.0,7,0.95,0.95,5.427564241234887,1.960056884638598e-11
5.0,9,0.95,0.95,5.427564241257231,2.371747869583436e-11
5.0,11,0.95,0.95,5.427564241244997,2.1463307729296817e-11
5.0,13,0.95,0.95,5.427564241231799,1.9031748644594e-11
5.0,15,0.95,0.95,5.42756424123137,1.8952709473861687e-11
5.0,17,0.95,0.95,5.427564241231552,1.8986256119824677e-11
5.0,19,0.95,0.95,5.427564241231705,1.9014402573998504e-11
5.0,21,0.95,0.95,5.427564241232552,1.9170517209357983e-11
5.0,23,0.95,0.95,5.427564241232967,1.924693810528343e-11
5.0,25,0.95,0.95,5.427564241233606,1.936459682941704e-11
5.0,27,0.95,0.95,5.42756424123236,1.9135006857289842e-11
5.0,29,0.95,0.95,5.427564241233369,1.9320904368577437e-11
5.0,31,0.95,0.95,5.427564241234052,1.944674520148251e-11
5.0,33,0.95,0.95,5.427564241234144,1.946376398772715e-11
5.0,35,0.95,0.95,5.427564241234151,1.946507312513058e-11
5.0,37,0.95,0.95,5.4275642412344896,1.9527420793969117e-11
5.0,39,0.95,0.95,5.427564241282434,2.8360989065813974e-11
5.0,41,0.95,0.95,5.427564241281539,2.819603775298132e-11
5.0,43,0.95,0.95,5.427564241281818,2.8247421396066094e-11
5.0,45,0.95,0.95,5.4275642412295175,1.8611351895916328e-11
5.0,47,0.95,0.95,5.427564241226671,1.8086878723665673e-11
5.0,49,0.95,0.95,5.427564241226712,1.8094406263735416e-11
5.0,1,0.95,-0.95,-6.840038043546068,0.0006135926537829415
5.0,3,0.95,-0.95,-6.844244424607539,9.945795321381355e-7
5.0,5,0.95,-0.95,-6.844237606142413,1.6548926344881325e-9
5.0,7,0.95,-0.95,-6.844237617610511,2.06917364296797e-11
5.0,9,0.95,-0.95,-6.844237617591192,1.7869103744106487e-11
5.0,11,0.95,-0.95,-6.8442376175789965,1.608722845535628e-11
5.0,13,0.95,-0.95,-6.844237617566772,1.4301070748389718e-11
5.0,15,0.95,-0.95,-6.844237617566801,1.4305353166606072e-11
5.0,17,0.95,-0.95,-6.844237617566767,1.4300421897144816e-11
5.0,19,0.95,-0.95,-6.844237617566771,1.4300940978140737e-11
5.0,21,0.95,-0.95,-6.844237617566773,1.4301330288887679e-11
5.0,23,0.95,-0.95,-6.84423761756678,1.4302238680630542e-11
5.0,25,0.95,-0.95,-6.844237617566758,1.4299124194655011e-11
5.0,27,0.95,-0.95,-6.8442376175667565,1.429886465415705e-11
5.0,29,0.95,-0.95,-6.844237617566765,1.4300162356646855e-11
5.0,31,0.95,-0.95,-6.84423761756676,1.4299383735152972e-11
5.0,33,0.95,-0.95,-6.84423761756678,1.4302238680630542e-11
5.0,35,0.95,-0.95,-6.8442376175667805,1.4302368450879521e-11
5.0,37,0.95,-0.95,-6.8442376175667645,1.4300032586397874e-11
5.0,39,0.95,-0.95,-6.844237617615711,2.1451541237460088e-11
5.0,41,0.95,-0.95,-6.84423761761572,2.145283893994989e-11
5.0,43,0.95,-0.95,-6.84423761761569,2.1448426751484556e-11
5.0,45,0.95,-0.95,-6.844237617566774,1.4301460059136659e-11
5.0,47,0.95,-0.95,-6.8442376175667725,1.4301200518638698e-11
5.0,49,0.95,-0.95,-6.844237617566758,1.4299124194655011e-11
5.0,1,-0.95,-0.95,-7.057650572031173,0.0005751564438288088
5.0,3,-0.95,-0.95,-7.053600231846252,9.32809091369357e-7
5.0,5,-0.95,-0.95,-7.053593663379356,1.58633888069778e-9
5.0,7,-0.95,-0.95,-7.053593652330969,1.999020243754976e-11
5.0,9,-0.95,-0.95,-7.053593652312349,1.7350445554926895e-11
5.0,11,-0.95,-0.95,-7.05359365230006,1.5608236232852387e-11
5.0,13,-0.95,-0.95,-7.053593652287835,1.3874967129184014e-11
5.0,15,-0.95,-0.95,-7.053593652287843,1.3876100396305919e-11
5.0,17,-0.95,-0.95,-7.053593652287822,1.3873204269216607e-11
5.0,19,-0.95,-0.95,-7.053593652287828,1.387408569920031e-11
5.0,21,-0.95,-0.95,-7.053593652287822,1.3873204269216607e-11
5.0,23,-0.95,-0.95,-7.053593652287814,1.3872071002094702e-11
5.0,25,-0.95,-0.95,-7.053593652287794,1.386917487500539e-11
5.0,27,-0.95,-0.95,-7.0535936522877964,1.3869552630712693e-11
5.0,29,-0.95,-0.95,-7.053593652287814,1.3872071002094702e-11
5.0,31,-0.95,-0.95,-7.053593652287837,1.3875344884891316e-11
5.0,33,-0.95,-0.95,-7.053593652287821,1.3873078350647506e-11
5.0,35,-0.95,-0.95,-7.053593652287801,1.3870182223558194e-11
5.0,37,-0.95,-0.95,-7.053593652287816,1.3872322839232903e-11
5.0,39,-0.95,-0.95,-7.053593652336758,2.0810939670946816e-11
5.0,41,-0.95,-0.95,-7.053593652336758,2.0810939670946816e-11
5.0,43,-0.95,-0.95,-7.053593652336741,2.0808547218133904e-11
5.0,45,-0.95,-0.95,-7.053593652287832,1.3874589373476712e-11
5.0,47,-0.95,-0.95,-7.0535936522878435,1.3876226314875019e-11
5.0,49,-0.95,-0.95,-7.053593652287864,1.387912244196433e-11
5.0,1,1.0,1.0,5.751180219970385,0.0009309214083722838
5.0,3,1.0,1.0,5.75652946822212,1.6741377926252226e-6
5.0,5,1.0,1.0,5.756539087612696,3.1006643415298517e-9
5.0,7,1.0,1.0,5.75653910553919,1.3445323763108368e-11
5.0,9,1.0,1.0,5.756539105572618,1.9252349576680425e-11
5.0,11,1.0,1.0,5.75653910556003,1.7065592479787558e-11
5.0,13,1.0,1.0,5.756539105547073,1.4814804888630212e-11
5.0,15,1.0,1.0,5.756539105546777,1.4763271912523373e-11
5.0,17,1.0,1.0,5.7565391055463975,1.4697389934087383e-11
5.0,19,1.0,1.0,5.756539105546507,1.4716367646845292e-11
5.0,21,1.0,1.0,5.756539105546693,1.4748768619846597e-11
5.0,23,1.0,1.0,5.756539105548617,1.508296151280292e-11
5.0,25,1.0,1.0,5.7565391055508615,1.547285322125196e-11
5.0,27,1.0,1.0,5.756539105549095,1.516596971982531e-11
5.0,29,1.0,1.0,5.756539105546954,1.4794129982048424e-11
5.0,31,1.0,1.0,5.7565391055467,1.47500029426276e-11
5.0,33,1.0,1.0,5.756539105544512,1.4369831526078949e-11
5.0,35,1.0,1.0,5.756539105541731,1.3886748447664247e-11
5.0,37,1.0,1.0,5.756539105542135,1.3956950555833743e-11
5.0,39,1.0,1.0,5.75653910559935,2.389602616915799e-11
5.0,41,1.0,1.0,5.756539105597483,2.3571707858449687e-11
5.0,43,1.0,1.0,5.75653910560123,2.4222658835080673e-11
5.0,45,1.0,1.0,5.756539105549743,1.5278601673591753e-11
5.0,47,1.0,1.0,5.756539105549008,1.5150849265758034e-11
5.0,49,1.0,1.0,5.7565391055455075,1.454279100576687e-11
5.0,1,1.0,-1.0,-7.157016311342433,0.0006478239615171189
5.0,3,1.0,-1.0,-7.161664135745896,1.1634418068800793e-6
5.0,5,1.0,-1.0,-7.161655788177864,2.1500983040156373e-9
5.0,7,1.0,-1.0,-7.161655803734595,2.2127147915559894e-11
5.0,9,1.0,-1.0,-7.161655803705543,1.8070499997087746e-11
5.0,11,1.0,-1.0,-7.161655803692802,1.6291453393893522e-11
5.0,13,1.0,-1.0,-7.161655803679924,1.4493307928594601e-11
5.0,15,1.0,-1.0,-7.161655803679867,1.4485370739148492e-11
5.0,17,1.0,-1.0,-7.161655803679923,1.4493183910009505e-11
5.0,19,1.0,-1.0,-7.161655803679878,1.4486858962169637e-11
5.0,21,1.0,-1.0,-7.161655803679887,1.4488099148020592e-11
5.0,23,1.0,-1.0,-7.161655803679819,1.4478673735553337e-11
5.0,25,1.0,-1.0,-7.161655803679794,1.4475201215170666e-11
5.0,27,1.0,-1.0,-7.161655803679875,1.4486486906414352e-11
5.0,29,1.0,-1.0,-7.161655803679774,1.447234878771347e-11
5.0,31,1.0,-1.0,-7.1616558036798486,1.4482766348861488e-11
5.0,33,1.0,-1.0,-7.16165580367986,1.448437859046773e-11
5.0,35,1.0,-1.0,-7.161655803679848,1.4482642330276392e-11
5.0,37,1.0,-1.0,-7.1616558036797615,1.4470612527522134e-11
5.0,39,1.0,-1.0,-7.1616558037312235,2.1656373366537568e-11
5.0,41,1.0,-1.0,-7.16165580373136,2.167547222864227e-11
5.0,43,1.0,-1.0,-7.161655803731367,2.1676464377323032e-11
5.0,45,1.0,-1.0,-7.161655803679801,1.4476069345266333e-11
5.0,47,1.0,-1.0,-7.161655803679827,1.4479789902819198e-11
5.0,49,1.0,-1.0,-7.161655803679787,1.4474209066489901e-11
5.0,1,-1.0,-1.0,-7.386082130800446,0.0006060827719517343
5.0,3,-1.0,-1.0,-7.381616304793662,1.0891382693196077e-6
5.0,5,-1.0,-1.0,-7.381608280312186,2.0470572903062912e-9
5.0,7,-1.0,-1.0,-7.381608265356514,2.098496042089407e-11
5.0,9,-1.0,-1.0,-7.381608265328628,1.720729454334245e-11
5.0,11,-1.0,-1.0,-7.381608265315661,1.545057643236482e-11
5.0,13,-1.0,-1.0,-7.3816082653028126,1.3709981624597535e-11
5.0,15,-1.0,-1.0,-7.381608265302827,1.3711906795130112e-11
5.0,17,-1.0,-1.0,-7.381608265302789,1.3706732899323809e-11
5.0,19,-1.0,-1.0,-7.3816082653027735,1.3704687405632945e-11
5.0,21,-1.0,-1.0,-7.381608265302788,1.3706612576165522e-11
5.0,23,-1.0,-1.0,-7.381608265302841,1.3713831965662691e-11
5.0,25,-1.0,-1.0,-7.381608265302798,1.3708056454064956e-11
5.0,27,-1.0,-1.0,-7.381608265302763,1.3703243527733511e-11
5.0,29,-1.0,-1.0,-7.381608265302805,1.3708898716172959e-11
5.0,31,-1.0,-1.0,-7.38160826530289,1.3720449739368429e-11
5.0,33,-1.0,-1.0,-7.3816082653028285,1.3712147441446685e-11
5.0,35,-1.0,-1.0,-7.381608265302833,1.3712749057238115e-11
5.0,37,-1.0,-1.0,-7.381608265302804,1.3708778393014673e-11
5.0,39,-1.0,-1.0,-7.38160826535437,2.0694620639949615e-11
5.0,41,-1.0,-1.0,-7.381608265354398,2.0698350657856487e-11
5.0,43,-1.0,-1.0,-7.3816082653543145,2.068704028097759e-11
5.0,45,-1.0,-1.0,-7.381608265302767,1.3703845143524942e-11
5.0,47,-1.0,-1.0,-7.381608265302791,1.3707093868798668e-11
5.0,49,-1.0,-1.0,-7.381608265302601,1.3681344712925433e-11
1.0,1,0.6,0.6,24.290311529818332,0.047695423931441744
1.0,3,0.6,0.6,25.39919017641894,0.0042217036308126125
1.0,5,0.6,0.6,25.496414741007953,0.0004100029183400173
1.0,7,0.6,0.6,25.505831299536013,4.082561215026517e-5
1.0,9,0.6,0.6,25.50676769354989,4.114172557425477e-6
1.0,11,0.6,0.6,25.506861986100148,4.1742181834523487e-7
1.0,13,0.6,0.6,25.5068715486586,4.2520567571435404e-8
1.0,15,0.6,0.6,25.5068725224786,4.341837819323154e-9
1.0,17,0.6,0.6,25.50687262189441,4.4422904052927905e-10
1.0,19,0.6,0.6,25.506872632058638,4.573924069862489e-11
1.0,21,0.6,0.6,25.50687263309873,4.962291224591439e-12
1.0,23,0.6,0.6,25.50687263320534,7.826399750464338e-13
1.0,25,0.6,0.6,25.50687263321595,3.667362616652892e-13
1.0,27,0.6,0.6,25.506872633214613,4.1910725839379234e-13
1.0,29,0.6,0.6,25.50687263321461,4.1924654295955964e-13
1.0,31,0.6,0.6,25.506872633214797,4.1186446097389294e-13
1.0,33,0.6,0.6,25.506872633214613,4.1910725839379234e-13
1.0,35,0.6,0.6,25.50687263321744,3.082367440430251e-13
1.0,37,0.6,0.6,25.50687263321734,3.1213671188450936e-13
1.0,39,0.6,0.6,25.506872633214655,4.174358436045848e-13
1.0,41,0.6,0.6,25.506872633217313,3.132509884106477e-13
1.0,43,0.6,0.6,25.506872633214627,4.1855012013072316e-13
1.0,45,0.6,0.6,25.50687263321489,4.0824306226394327e-13
1.0,47,0.6,0.6,25.50687263321735,3.1185814275297477e-13
1.0,49,0.6,0.6,25.506872633214698,4.1576442881537726e-13
1.0,1,0.6,-0.6,9.31370044112493,0.09019362787655114
1.0,3,0.6,-0.6,8.477112157564228,0.007731275512750804
1.0,5,0.6,-0.6,8.549526093989247,0.0007449700524842368
1.0,7,0.6,-0.6,8.54253019537541,7.391865220280887e-5
1.0,9,0.6,-0.6,8.543225209141191,7.4345739967466494e-6
1.0,11,0.6,-0.6,8.543155257544948,7.534480430944897e-7
1.0,13,0.6,-0.6,8.54316234962231,7.66986422227932e-8
1.0,15,0.6,-0.6,8.543161627505041,7.827121765435421e-9
1.0,17,0.6,-0.6,8.543161701217874,8.011631491823698e-10
1.0,19,0.6,-0.6,8.5431616936819,8.09427844874479e-11
1.0,21,0.6,-0.6,8.543161694453204,9.340303793530295e-12
1.0,23,0.6,-0.6,8.543161694374374,1.1311246997351975e-13
1.0,25,0.6,-0.6,8.543161694382153,1.0236262677934517e-12
1.0,27,0.6,-0.6,8.543161694384187,1.2617030658075696e-12
1.0,29,0.6,-0.6,8.543161694384118,1.2535938997616738e-12
1.0,31,0.6,-0.6,8.543161694384318,1.2770896885613204e-12
1.0,33,0.6,-0.6,8.543161694384192,1.2623268478111e-12
1.0,35,0.6,-0.6,8.543161694381656,9.654066141306108e-13
1.0,37,0.6,-0.6,8.543161694381475,9.441980260105756e-13
1.0,39,0.6,-0.6,8.543161694384157,1.258168301120897e-12
1.0,41,0.6,-0.6,8.543161694381515,9.48980354704309e-13
1.0,43,0.6,-0.6,8.543161694384182,1.2610792838040392e-12
1.0,45,0.6,-0.6,8.54316169438443,1.2901891106354596e-12
1.0,47,0.6,-0.6,8.543161694381462,9.427425346690048e-13
1.0,49,0.6,-0.6,8.543161694384263,1.270643941191506e-12
1.0,1,-0.6,-0.6,-25.972476470791943,0.025492617532565952
1.0,3,-0.6,-0.6,-25.3823728719595,0.002193072536823902
1.0,5,-0.6,-0.6,-25.33218705403208,0.0002115446741543511
1.0,7,-0.6,-0.6,-25.32736080029184,2.09857343273482e-5
1.0,9,-0.6,-0.6,-25.326882735559998,2.109911925257341e-6
1.0,11,-0.6,-0.6,-25.326834712194547,2.137659495410316e-7
1.0,13,-0.6,-0.6,-25.326829849194414,2.1756121737221907e-8
1.0,15,-0.6,-0.6,-25.3268293544061,2.2199884294642965e-9
1.0,17,-0.6,-0.6,-25.326829303920896,2.2663960734442996e-10
1.0,19,-0.6,-0.6,-25.326829298761098,2.291106866662401e-11
1.0,21,-0.6,-0.6,-25.32682929823322,2.0684908991491926e-12
1.0,23,-0.6,-0.6,-25.326829298179298,6.059867546673344e-14
1.0,25,-0.6,-0.6,-25.326829298173415,2.928935980892116e-13
1.0,27,-0.6,-0.6,-25.326829298170463,4.0946188353563633e-13
1.0,29,-0.6,-0.6,-25.326829298170196,4.1998248691527753e-13
1.0,31,-0.6,-0.6,-25.326829298170434,4.105840812294647e-13
1.0,33,-0.6,-0.6,-25.326829298170278,4.167561685455209e-13
1.0,35,-0.6,-0.6,-25.3268292981731,3.053780474330525e-13
1.0,37,-0.6,-0.6,-25.32682929817292,3.1239178301948e-13
1.0,39,-0.6,-0.6,-25.326829298170313,4.1535342142823543e-13
1.0,41,-0.6,-0.6,-25.326829298172964,3.107084864787374e-13
1.0,43,-0.6,-0.6,-25.326829298170278,4.167561685455209e-13
1.0,45,-0.6,-0.6,-25.326829298170537,4.065161145893368e-13
1.0,47,-0.6,-0.6,-25.326829298172704,3.209485404349215e-13
1.0,49,-0.6,-0.6,-25.32682929817035,4.139506743109499e-13
1.0,1,0.95,0.95,38.95029136332966,0.09486998638962063
1.0,3,0.95,0.95,42.10951275796373,0.021455744702703252
1.0,5,0.95,0.95,42.80677158136533,0.0052527879024976635
1.0,7,0.95,0.95,42.97622900223053,0.0013149226828679816
1.0,9,0.95,0.95,43.01849512424373,0.0003327391290607624
1.0,11,0.95,0.95,43.029168280566466,8.471546121315583e-5
1.0,13,0.95,0.95,43.03188233195822,2.1646115974007987e-5
1.0,15,0.95,0.95,43.0325753073245,5.542698496087083e-6
1.0,17,0.95,0.95,43.03275267310037,1.4210582847513594e-6
1.0,19,0.95,0.95,43.032798135009386,3.646107746628413e-7
1.0,21,0.95,0.95,43.03280979767689,9.359276614714744e-8
1.0,23,0.95,0.95,43.032812791110835,2.40311065884424e-8
1.0,25,0.95,0.95,43.03281355966225,6.171446762174624e-9
1.0,27,0.95,0.95,43.0328137570165,1.5853128522678286e-9
1.0,29,0.95,0.95,43.0328138077015,4.0749066598766003e-10
1.0,31,0.95,0.95,43.03281382071951,1.0497710426402167e-10
1.0,33,0.95,0.95,43.03281382406263,2.7289463474764565e-11
1.0,35,0.95,0.95,43.03281382492557,7.23639547808507e-12
1.0,37,0.95,0.95,43.032813825146114,2.1113446122911922e-12
1.0,39,0.95,0.95,43.0328138251986,8.916290690836348e-13
1.0,41,0.95,0.95,43.03281382521746,4.534098932784558e-13
1.0,43,0.95,0.95,43.032813825217325,4.56547106669676e-13
1.0,45,0.95,0.95,43.032813825218454,4.3029358407999114e-13
1.0,47,0.95,0.95,43.03281382522235,3.398097452174297e-13
1.0,49,0.95,0.95,43.03281382521771,4.4763081597883963e-13
1.0,1,0.95,-0.95,15.237323806231759,0.12686139696943582
1.0,3,0.95,-0.95,13.15891236535292,0.026845490770793307
1.0,5,0.95,-0.95,13.609283442860518,0.006461262305313241
1.0,7,0.95,-0.95,13.50021257818257,0.0016049669422000187
1.0,9,0.95,-0.95,13.527383011848942,0.0004043959371942978
1.0,11,0.95,-0.95,13.520526076308155,0.0001027020322838162
1.0,13,0.95,-0.95,13.522269121173101,2.6203147948091085e-5
1.0,15,0.95,-0.95,13.521824157988434,6.703669695948584e-6
1.0,17,0.95,-0.95,13.521938032575845,1.717814173614519e-6
1.0,19,0.95,-0.95,13.52190884650988,4.406128233108921e-7
1.0,21,0.95,-0.95,13.521916333522226,1.1308186072533901e-7
1.0,23,0.95,-0.95,13.521914411891135,2.903048937353259e-8
1.0,25,0.95,-0.95,13.521914905254679,7.45572954825182e-9
1.0,27,0.95,-0.95,13.52191477856823,1.913243086711442e-9
1.0,29,0.95,-0.95,13.521914811104587,4.929514559029127e-10
1.0,31,0.95,-0.95,13.521914802748384,1.2502336213422736e-10
1.0,33,0.95,-0.95,13.521914804894495,3.36901688730388e-11
1.0,35,0.95,-0.95,13.521914804339215,7.375040769462081e-12
1.0,37,0.95,-0.95,13.52191480448053,3.0758675556855214e-12
1.0,39,0.95,-0.95,13.521914804448498,7.068951617469801e-13
1.0,41,0.95,-0.95,13.521914804453555,1.0809019496105095e-12
1.0,43,0.95,-0.95,13.521914804455356,1.214109846657794e-12
1.0,45,0.95,-0.95,13.521914804456397,1.2910919252275264e-12
1.0,47,0.95,-0.95,13.521914804451704,9.440157279899273e-13
1.0,49,0.95,-0.95,13.521914804456001,1.2617966973759047e-12
1.0,1,-0.95,-0.95,-40.63245630430321,0.035746674789483644
1.0,3,-0.95,-0.95,-39.53242359753852,0.007706154431610465
1.0,5,-0.95,-0.95,-39.303242005240875,0.0018641725842048198
1.0,7,-0.95,-0.95,-39.24829579531582,0.000463559394690734
1.0,9,-0.95,-0.95,-39.23469314547279,0.00011681935914551314
1.0,11,-0.95,-0.95,-39.23127415947182,2.966727178136754e-5
1.0,13,-0.95,-0.95,-39.23040723909013,7.568930102864842e-6
1.0,15,-0.95,-0.95,-39.230186271748934,1.936334643626984e-6
1.0,17,-0.95,-0.95,-39.23012977412927,4.961750513675815e-7
1.0,19,-0.95,-0.95,-39.23011530176994,1.2726557823257505e-7
1.0,21,-0.95,-0.95,-39.23011159044082,3.266148224319534e-8
1.0,23,-0.95,-0.95,-39.23011063807045,8.38496699749212e-9
1.0,25,-0.95,-0.95,-39.23011039358467,2.1528717827847866e-9
1.0,27,-0.95,-0.95,-39.23011033080373,5.525465801696692e-10
1.0,29,-0.95,-0.95,-39.23011031468185,1.4158977703368741e-10
1.0,31,-0.95,-0.95,-39.23011031054165,3.6053376779966796e-11
1.0,33,-0.95,-0.95,-39.23011030947794,8.93890314394794e-12
1.0,35,-0.95,-0.95,-39.23011030920925,2.0897830825860905e-12
1.0,37,-0.95,-0.95,-39.230110309139,2.9903205662590014e-13
1.0,39,-0.95,-0.95,-39.23011030911666,2.704148155920466e-13
1.0,41,-0.95,-0.95,-39.23011030911622,2.816443658711537e-13
1.0,43,-0.95,-0.95,-39.23011030911079,4.200214047943443e-13
1.0,45,-0.95,-0.95,-39.2301103091109,4.173045781139151e-13
1.0,47,-0.95,-0.95,-39.23011030911467,3.2112891362672374e-13
1.0,49,-0.95,-0.95,-39.2301103091105,4.2744739772085056e-13
1.0,1,1.0,1.0,41.04457419668849,0.10385104217541816
1.0,3,1.0,1.0,44.60513992591865,0.02611123539304035
1.0,5,1.0,1.0,45.47631389821492,0.007090410774029191
1.0,7,1.0,1.0,45.71093881516016,0.0019677148047012186
1.0,9,1.0,1.0,45.775785211024925,0.000551887470388765
1.0,11,1.0,1.0,45.793930167231125,0.0001557185756638035
1.0,13,1.0,1.0,45.79904279520987,4.409173278457137e-5
1.0,15,1.0,1.0,45.800489243480044,1.2510625287860588e-5
1.0,17,1.0,1.0,45.80089945837882,3.554175837009821e-6
1.0,19,1.0,1.0,45.80101596330132,1.0104592333207353e-6
1.0,21,1.0,1.0,45.80104908011982,2.8740136352862327e-7
1.0,23,1.0,1.0,45.80105849845093,8.176571559291825e-8
1.0,25,1.0,1.0,45.80106117780795,2.3265827315008564e-8
1.0,27,1.0,1.0,45.801061940173916,6.620668299180237e-9
1.0,29,1.0,1.0,45.801062157117286,1.8840233545255292e-9
1.0,31,1.0,1.0,45.80106221885637,5.360396242837476e-10
1.0,33,1.0,1.0,45.8010622364261,1.5243006656462042e-10
1.0,35,1.0,1.0,45.80106224143197,4.313406327959967e-11
1.0,37,1.0,1.0,45.80106224285451,1.2074912804694165e-11
1.0,39,1.0,1.0,45.80106224325498,3.3312511583009713e-12
1.0,41,1.0,1.0,45.801062243374126,7.299183486148219e-13
1.0,43,1.0,1.0,45.80106224340227,1.1542173249084538e-13
1.0,45,1.0,1.0,45.801062243411735,9.122040148470037e-14
1.0,47,1.0,1.0,45.80106224341992,2.6993792276084806e-13
1.0,49,1.0,1.0,45.80106224341605,1.8538840097655943e-13
1.0,1,1.0,-1.0,16.08355571553283,0.1310900999654348
1.0,3,1.0,-1.0,13.783593518893374,0.030656749855917712
1.0,5,1.0,-1.0,14.335700770973432,0.008170674750431867
1.0,7,1.0,-1.0,14.187547758829904,0.002248315196782768
1.0,9,1.0,-1.0,14.228442226913046,0.0006276239804927303
1.0,11,1.0,-1.0,14.217006518531235,0.00017660219719668657
1.0,13,1.0,-1.0,14.220227607595595,4.9923703931333934e-5
1.0,15,1.0,-1.0,14.219316486060093,1.4151713650384925e-5
1.0,17,1.0,-1.0,14.219574851878454,4.0180881326498e-6
1.0,19,1.0,-1.0,14.219501478498705,1.1419588683264773e-6
1.0,21,1.0,-1.0,14.219522334231387,3.247387439158366e-7
1.0,23,1.0,-1.0,14.219516403060497,9.23760280299048e-8
1.0,25,1.0,-1.0,14.219518090355255,2.6284449130757055e-8
1.0,27,1.0,-1.0,14.219517610270298,7.477944661063998e-9
1.0,29,1.0,-1.0,14.219517746886103,2.1296811117480963e-9
1.0,31,1.0,-1.0,14.219517708007983,6.044566454910815e-10
1.0,33,1.0,-1.0,14.219517719072336,1.7365363995453657e-10
1.0,35,1.0,-1.0,14.21951771591908,4.810180192367493e-11
1.0,37,1.0,-1.0,14.219517716814988,1.4903664658519478e-11
1.0,39,1.0,-1.0,14.219517716564486,2.7130960843382847e-12
1.0,41,1.0,-1.0,14.21951771663253,2.072236755088105e-12
1.0,43,1.0,-1.0,14.219517716616354,9.34555290861714e-13
1.0,45,1.0,-1.0,14.21951771662263,1.3759112382770912e-12
1.0,47,1.0,-1.0,14.219517716615943,9.056978824685774e-13
1.0,49,1.0,-1.0,14.219517716621157,1.272349370061029e-12
1.0,1,-1.0,-1.0,-42.72673913766211,0.036952565625359285
1.0,3,-1.0,-1.0,-41.567909740689345,0.008828464873336727
1.0,5,-1.0,-1.0,-41.301657921963184,0.0023666914709488344
1.0,7,-1.0,-1.0,-41.231009942210434,0.0006521069896752112
1.0,9,-1.0,-1.0,-41.211643116381495,0.00018208563684896626
1.0,11,-1.0,-1.0,-41.20625162210325,5.1237274975027e-5
1.0,13,-1.0,-1.0,-41.20473723995438,1.448412024567409e-5
1.0,15,-1.0,-1.0,-41.20430960661995,4.105713368948249e-6
1.0,17,-1.0,-1.0,-41.204188466769885,1.1657212033756657e-6
1.0,19,-1.0,-1.0,-41.204154085217404,3.313013582060459e-7
1.0,21,-1.0,-1.0,-41.204144316121294,9.421120156441892e-8
1.0,23,-1.0,-1.0,-41.20414153848572,2.6799637023981318e-8
1.0,25,-1.0,-1.0,-41.20414074840726,7.624902368223669e-9
1.0,27,-1.0,-1.0,-41.20414052361789,2.169397841229257e-9
1.0,29,-1.0,-1.0,-41.204140459654816,6.170521155350842e-10
1.0,31,-1.0,-1.0,-41.204140441452836,1.7530086977258737e-10
1.0,33,-1.0,-1.0,-41.204140436272574,4.9579000599772645e-11
1.0,35,-1.0,-1.0,-41.20414043480301,1.3913511964550622e-11
1.0,37,-1.0,-1.0,-41.204140434383106,3.722731846347713e-12
1.0,39,-1.0,-1.0,-41.20414043425936,7.194384502020872e-13
1.0,41,-1.0,-1.0,-41.204140434229814,2.414222987255326e-15
1.0,43,-1.0,-1.0,-41.20414043421565,3.412676636984493e-13
1.0,45,-1.0,-1.0,-41.20414043421331,3.9817434839803913e-13
1.0,47,-1.0,-1.0,-41.204140434216605,3.1816010082043406e-13
1.0,49,-1.0,-1.0,-41.204140434212015,4.2955924723235834e-13
0.5,1,0.6,0.6,12.03881864100671,0.1715672638416756
0.5,3,0.6,0.6,14.21532655989676,0.021794228439792847
0.5,5,0.6,0.6,14.48431452708389,0.0032842363637043386
0.5,7,0.6,0.6,14.524349653154715,0.0005292809131483398
0.5,9,0.6,0.6,14.530752783342425,8.865938544177499e-5
0.5,11,0.6,0.6,14.531819428942509,1.5259813661662136e-5
0.5,13,0.6,0.6,14.532002209201302,2.6820720722960804e-6
0.5,15,0.6,0.6,14.532034218019344,4.794346289777543e-7
0.5,17,0.6,0.6,14.532039922362538,8.689905048145619e-8
0.5,19,0.6,0.6,14.532040953659351,1.5931950943343297e-8
0.5,21,0.6,0.6,14.532041142335395,2.948500010797458e-9
0.5,23,0.6,0.6,14.53204117719268,5.4984970323395e-10
0.5,25,0.6,0.6,14.532041183684107,1.031521087952464e-10
0.5,27,0.6,0.6,14.53204118490084,1.942447788568238e-11
0.5,29,0.6,0.6,14.532041185130101,3.648293144310395e-12
0.5,31,0.6,0.6,14.532041185173496,6.621592160667898e-13
0.5,33,0.6,0.6,14.532041185181694,9.80342793586054e-14
0.5,35,0.6,0.6,14.532041185183195,5.256202010498793e-15
0.5,37,0.6,0.6,14.532041185183562,3.0559314014527866e-14
0.5,39,0.6,0.6,14.53204118518358,3.178168657510898e-14
0.5,41,0.6,0.6,14.532041185183664,3.752683760984022e-14
0.5,43,0.6,0.6,14.532041185183633,3.5448804256852326e-14
0.5,45,0.6,0.6,14.532041185183584,3.20261610872252e-14
0.5,47,0.6,0.6,14.532041185183632,3.532656700079421e-14
0.5,49,0.6,0.6,14.532041185183637,3.569327876896855e-14
0.5,1,0.6,-0.6,0.28913836827273043,1.2563082164885377
0.5,3,0.6,-0.6,-1.2935332198054488,0.14665927776240797
0.5,5,0.6,-0.6,-1.1041151544337287,0.02125135546196055
0.5,7,0.6,-0.6,-1.1318584764723973,0.0033418572398936646
0.5,9,0.6,-0.6,-1.1274684579759788,0.0005496975817319997
0.5,11,0.6,-0.6,-1.1281937452754986,9.323713250960596e-5
0.5,13,0.6,-0.6,-1.1280703035035455,1.6188470873629115e-5
0.5,15,0.6,-0.6,-1.1280917964812471,2.8640914501934004e-6
0.5,17,0.6,-0.6,-1.128087984984178,5.14630031017485e-7
0.5,19,0.6,-0.6,-1.128088671198137,9.36679164626226e-8
0.5,21,0.6,-0.6,-1.12808854609507,1.7230350605447605e-8
0.5,23,0.6,-0.6,-1.1280885691401763,3.1981041913080106e-9
0.5,25,0.6,-0.6,-1.1280885648587877,5.97155070962823e-10
0.5,27,0.6,-0.6,-1.1280885656597177,1.1283350038636229e-10
0.5,29,0.6,-0.6,-1.1280885655090458,2.073040938914825e-11
0.5,31,0.6,-0.6,-1.1280885655375346,4.523606803849269e-12
0.5,33,0.6,-0.6,-1.1280885655321122,2.8304527821491817e-13
0.5,35,0.6,-0.6,-1.1280885655330644,5.60972908840415e-13
0.5,37,0.6,-0.6,-1.1280885655329551,4.64131269840596e-13
0.5,39,0.6,-0.6,-1.1280885655329373,4.4838466187314575e-13
0.5,41,0.6,-0.6,-1.1280885655329742,4.81058873405605e-13
0.5,43,0.6,-0.6,-1.1280885655329835,4.893258425885164e-13
0.5,45,0.6,-0.6,-1.1280885655329134,4.271267411170879e-13
0.5,47,0.6,-0.6,-1.1280885655329707,4.779095518121149e-13
0.5,49,0.6,-0.6,-1.128088565532948,4.578326266536159e-13
0.5,1,-0.6,-0.6,-16.234346424928574,0.07975084801469291
0.5,3,-0.6,-0.6,-15.175437413414027,0.009322518273154628
0.5,5,-0.6,-0.6,-15.055660091413797,0.0013560956271474085
0.5,7,-0.6,-0.6,-15.038488911820762,0.00021403574732852418
0.5,9,-0.6,-0.6,-15.035801896508438,3.5321619505371924e-5
0.5,11,-0.6,-0.6,-15.0353611679734,6.008643362355796e-6
0.5,13,-0.6,-0.6,-15.035286553243669,1.0459971557631949e-6
0.5,15,-0.6,-0.6,-15.03527361526463,1.8548860970963712e-7
0.5,17,-0.6,-0.6,-15.03527132851863,3.3396504015421875e-8
0.5,19,-0.6,-0.6,-15.035270917942366,6.088963680225762e-9
0.5,21,-0.6,-0.6,-15.035270843259086,1.12175817611168e-9
0.5,23,-0.6,-0.6,-15.035270829527182,2.0844542897622358e-10
0.5,25,-0.6,-0.6,-15.035270826979888,3.9024208649978425e-11
0.5,27,-0.6,-0.6,-15.035270826503908,7.366638282022539e-12
0.5,29,-0.6,-0.6,-15.03527082641448,1.4188151002182555e-12
0.5,31,-0.6,-0.6,-15.035270826397612,2.969008532640916e-13
0.5,33,-0.6,-0.6,-15.03527082639439,8.258404155654597e-14
0.5,35,-0.6,-0.6,-15.035270826393713,3.75704223390295e-14
0.5,37,-0.6,-0.6,-15.035270826393672,3.485306474847076e-14
0.5,39,-0.6,-0.6,-15.035270826393601,3.012722546054252e-14
0.5,41,-0.6,-0.6,-15.035270826393667,3.4498626801876144e-14
0.5,43,-0.6,-0.6,-15.035270826393631,3.213570715791202e-14
0.5,45,-0.6,-0.6,-15.035270826393592,2.953649554955149e-14
0.5,47,-0.6,-0.6,-15.035270826393624,3.16631232291192e-14
0.5,49,-0.6,-0.6,-15.035270826393592,2.953649554955149e-14
0.5,1,0.95,0.95,20.285158451904465,0.3186929187075286
0.5,3,0.95,0.95,26.558722412610773,0.10798598430006437
0.5,5,0.95,0.95,28.5227618134175,0.042020813020792615
0.5,7,0.95,0.95,29.258606459926163,0.01730638105881599
0.5,9,0.95,0.95,29.554330410890163,0.007374054309815671
0.5,11,0.95,0.95,29.678026843253416,0.0032195264810331624
0.5,13,0.95,0.95,29.731231330295373,0.0014325750079074958
0.5,15,0.95,0.95,29.754612563451865,0.0006472816735400361
0.5,17,0.95,0.95,29.765067141872812,0.0002961491779764898
0.5,19,0.95,0.95,29.769808763617654,0.00013689479111871392
0.5,21,0.95,0.95,29.771984725371492,6.381189383561951e-5
0.5,23,0.95,0.95,29.772992992465426,2.994775062176878e-5
0.5,25,0.95,0.95,29.773463895277608,1.4131782444787148e-5
0.5,27,0.95,0.95,29.77368523876448,6.697633711832505e-6
0.5,29,0.95,0.95,29.773789815569014,3.185266892630645e-6
0.5,31,0.95,0.95,29.77383942730483,1.5189832889869316e-6
0.5,33,0.95,0.95,29.77386303989669,7.25919429991682e-7
0.5,35,0.95,0.95,29.773874307036785,3.4749584748747326e-7
0.5,37,0.95,0.95,29.773879694133328,1.665622338257871e-7
0.5,39,0.95,0.95,29.773882273875415,7.991777618979348e-8
0.5,41,0.95,0.95,29.773883510756768,3.837528459703273e-8
0.5,43,0.95,0.95,29.773884104353534,1.843845830383707e-8
0.5,45,0.95,0.95,29.77388438943905,8.863439141834293e-9
0.5,47,0.95,0.95,29.773884526434443,4.262246035771484e-9
0.5,49,0.95,0.95,29.773884592295314,2.0502111836892007e-9
0.5,1,0.95,-0.95,1.6814980200756529,2.22612125404716
0.5,3,0.95,-0.95,-2.2349343474370134,0.6296781037358894
0.5,5,0.95,-0.95,-1.0626860117478585,0.22510648848457368
0.5,7,0.95,-0.95,-1.4918953847683911,0.08786606837460931
0.5,9,0.95,-0.95,-1.3220695016830644,0.03596822833712803
0.5,11,0.95,-0.95,-1.3922471334751434,0.015204169650645076
0.5,13,0.95,-0.95,-1.3623652527007515,0.006585216177318438
0.5,15,0.95,-0.95,-1.3753848265768305,0.002908447245121631
0.5,17,0.95,-0.95,-1.3696059342216982,0.0013054279167174308
0.5,19,0.95,-0.95,-1.3722105875376023,0.0005938432997367732
0.5,21,0.95,-0.95,-1.3710215686837903,0.00027317008399354795
0.5,23,0.95,-0.95,-1.3715701144797507,0.00012682066902263908
0.5,25,0.95,-0.95,-1.3713148395075563,5.932172620887445e-5
0.5,27,0.95,-0.95,-1.371434479648567,2.7917936270017733e-5
0.5,29,0.95,-0.95,-1.3713780863823821,1.3203124491738131e-5
0.5,31,0.95,-0.95,-1.3714047896624926,6.26847696440065e-6
0.5,33,0.95,-0.95,-1.37139209908718,2.9852860083209028e-6
0.5,35,0.95,-0.95,-1.371398147557421,1.4251610029437206e-6
0.5,37,0.95,-0.95,-1.37139525827335,6.816583725578056e-7
0.5,39,0.95,-0.95,-1.3713966408917329,3.2652466736464914e-7
0.5,41,0.95,-0.95,-1.3713959783503458,1.5658983333277995e-7
0.5,43,0.95,-0.95,-1.3713962961764476,7.51638374742482e-8
0.5,45,0.95,-0.95,-1.37139614358576,3.610283251435229e-8
0.5,47,0.95,-0.95,-1.3713962168929772,1.735160869997529e-8
0.5,49,0.95,-0.95,-1.371396181657333,8.341655112142161e-9
0.5,1,-0.95,-0.95,-24.48068623582629,0.11831577477327714
0.5,3,-0.95,-0.95,-22.643239697393213,0.03437836266654064
0.5,5,-0.95,-0.95,-22.16397849768922,0.01248496659493133
0.5,7,-0.95,-0.95,-21.998505170386903,0.0049258879627485765
0.5,9,-0.95,-0.95,-21.93518346757681,0.0020332542164608605
0.5,11,-0.95,-0.95,-21.90961949757011,0.0008654523562954232
0.5,13,-0.95,-0.95,-21.898928768144334,0.00037708322948635473
0.5,15,-0.95,-0.95,-21.894338761412033,0.00016740459198414965
0.5,17,-0.95,-0.95,-21.892326291110923,7.547182252194688e-5
0.5,19,-0.95,-0.95,-21.89142855803142,3.446198094026726e-5
0.5,21,-0.95,-0.95,-21.89102228439378,1.5902770080281926e-5
0.5,23,-0.95,-0.95,-21.8908362019974,7.402237159047358e-6
0.5,25,-0.95,-0.95,-21.89075011956233,3.4698578074134274e-6
0.5,27,-0.95,-0.95,-21.8907099706056,1.635791097796733e-6
0.5,29,-0.95,-0.95,-21.89069112015135,7.746730659602617e-7
0.5,31,-0.95,-0.95,-21.89068222206943,3.6819486188942665e-7
0.5,33,-0.95,-0.95,-21.89067800383651,1.7549942962128794e-7
0.5,35,-0.95,-0.95,-21.89067599733176,8.383917576417392e-8
0.5,37,-0.95,-0.95,-21.890675040328272,4.01217699341308e-8
0.5,39,-0.95,-0.95,-21.890674582923637,1.9226815686892096e-8
0.5,41,-0.95,-0.95,-21.890674363945163,9.223538819148999e-9
0.5,43,-0.95,-0.95,-21.890674258976443,4.428404637287493e-9
0.5,45,-0.95,-0.95,-21.890674208608843,2.12753443585709e-9
0.5,47,-0.95,-0.95,-21.890674184422146,1.0226485419572978e-9
0.5,49,-0.95,-0.95,-21.89067417280058,4.917573576202916e-10
0.5,1,1.0,1.0,21.463206996318434,0.34741021844105113
0.5,3,1.0,1.0,28.54387612969392,0.13212215250415282
0.5,5,1.0,1.0,31.00317280342979,0.0573471256697552
0.5,7,1.0,1.0,32.02461573817418,0.02629010694118828
0.5,9,1.0,1.0,32.47959087213727,0.012456567370952607
0.5,11,1.0,1.0,32.69049963240819,0.006043876955318267
0.5,13,1.0,1.0,32.79103124341605,0.002987208765953946
0.5,15,1.0,1.0,32.83998954584601,0.0014986293614994166
0.5,17,1.0,1.0,32.864247878552035,0.0007610536560456502
0.5,19,1.0,1.0,32.87643972684306,0.0003903599561524181
0.5,21,1.0,1.0,32.88263950305431,0.00020185547943996903
0.5,23,1.0,1.0,32.88582280058061,0.00010506717386730487
0.5,25,1.0,1.0,32.88747022436745,5.497717895786911e-5
0.5,27,1.0,1.0,32.88832826809467,2.8888320540269436e-5
0.5,29,1.0,1.0,32.888777471980404,1.5230256033951437e-5
0.5,31,1.0,1.0,32.88901360429326,8.050642358667118e-6
0.5,33,1.0,1.0,32.88913813469943,4.264289714685296e-6
0.5,35,1.0,1.0,32.889203976921465,2.262353969350213e-6
0.5,37,1.0,1.0,32.8892388590688,1.2017606986497476e-6
0.5,39,1.0,1.0,32.889257368001466,6.389957619117593e-7
0.5,41,1.0,1.0,32.88926720106463,3.4002103083621107e-7
0.5,43,1.0,1.0,32.88927242993173,1.8103708957151464e-7
0.5,45,1.0,1.0,32.88927521249775,9.643304357646417e-8
0.5,47,1.0,1.0,32.889276694096814,5.1384956884625155e-8
0.5,49,1.0,1.0,32.889277483333174,2.7388189591520642e-8
0.5,1,1.0,-1.0,1.880406541761787,2.322636494707839
0.5,3,1.0,-1.0,-2.4510203193365196,0.7239936426660334
0.5,5,1.0,-1.0,-1.0149991319104479,0.2860719933979038
0.5,7,1.0,-1.0,-1.59734870130916,0.12353985173133256
0.5,9,1.0,-1.0,-1.3421326879990065,0.05597346400175692
0.5,11,1.0,-1.0,-1.4589507452305206,0.02619378138046147
0.5,13,1.0,-1.0,-1.4038520083764872,0.012561455084079822
0.5,15,1.0,-1.0,-1.4304449850547756,0.006143458282507715
0.5,17,1.0,-1.0,-1.4173692848876969,0.0030537008693809226
0.5,19,1.0,-1.0,-1.4238980934871481,0.001538519126038844
0.5,21,1.0,-1.0,-1.4205963034961284,0.0007838871424971878
0.5,23,1.0,-1.0,-1.4222838761947765,0.000403114279340702
0.5,25,1.0,-1.0,-1.4214137990022184,0.00020887883094278736
0.5,27,1.0,-1.0,-1.4218655884973623,0.00010889993706931581
0.5,29,1.0,-1.0,-1.4216296469342553,5.705615543150138e-5
0.5,31,1.0,-1.0,-1.4217534315822602,3.0011236273291382e-5
0.5,33,1.0,-1.0,-1.4216882516049378,1.5834922424929325e-5
0.5,35,1.0,-1.0,-1.421722671840607,8.375512309002982e-6
0.5,37,1.0,-1.0,-1.421704453967149,4.438538140409165e-6
0.5,39,1.0,-1.0,-1.4217141134058193,2.35569801009404e-6
0.5,41,1.0,-1.0,-1.4217089847082858,1.2517147368528177e-6
0.5,43,1.0,-1.0,-1.4217117107337705,6.657114746945772e-7
0.5,45,1.0,-1.0,-1.421710260573851,3.542990337088059e-7
0.5,47,1.0,-1.0,-1.4217110325133806,1.8866620860594817e-7
0.5,49,1.0,-1.0,-1.42171062139331,1.0050658306272506e-7
0.5,1,-1.0,-1.0,-25.658734780240234,0.12301087251355941
0.5,3,-1.0,-1.0,-23.75213466249183,0.03956433159463715
0.5,5,-1.0,-1.0,-23.211699166571922,0.01591098535569092
0.5,7,-1.0,-1.0,-23.00701243602406,0.006952421114966066
0.5,9,-1.0,-1.0,-22.920783776976958,0.003178434499432208
0.5,11,-1.0,-1.0,-22.88240041480124,0.0014985023665293616
0.5,13,-1.0,-1.0,-22.864686400481542,0.0007232096310434149
0.5,15,-1.0,-1.0,-22.856288387564888,0.00035565215427434566
0.5,17,-1.0,-1.0,-22.852220673225766,0.00017761970379548078
0.5,19,-1.0,-1.0,-22.850215261845435,8.984847098673506e-5
0.5,21,-1.0,-1.0,-22.84921186708084,4.59326957267933e-5
0.5,23,-1.0,-1.0,-22.848703586071053,2.3686661182584482e-5
0.5,25,-1.0,-1.0,-22.84844345443349,1.230142883301549e-5
0.5,27,-1.0,-1.0,-22.84830919264334,6.425166757330654e-6
0.5,29,-1.0,-1.0,-22.84823941711044,3.3712873375836183e-6
0.5,31,-1.0,-1.0,-22.848202952727846,1.7753435599337845e-6
0.5,33,-1.0,-1.0,-22.848183811606596,9.375903558215387e-7
0.5,35,-1.0,-1.0,-22.848173728336928,4.962739166142592e-7
0.5,37,-1.0,-1.0,-22.848168401765886,2.631448381684279e-7
0.5,39,-1.0,-1.0,-22.84816558178277,1.397220845879093e-7
0.5,41,-1.0,-1.0,-22.848164086269165,7.426764763919619e-8
0.5,43,-1.0,-1.0,-22.848163292095453,3.9508891195346346e-8
0.5,45,-1.0,-1.0,-22.848162869920376,2.103147187713288e-8
0.5,47,-1.0,-1.0,-22.848162645314833,1.1201117066736445e-8
0.5,49,-1.0,-1.0,-22.848162525745263,5.967892258229592e-9
0.1,1,0.6,0.6,61.54367185678201,0.19367985083058656
0.1,3,0.6,0.6,73.95696481600265,0.031045936918941523
0.1,5,0.6,0.6,75.84295620353801,0.006336445089000329
0.1,7,0.6,0.6,76.21712577170955,0.0014342276404734422
0.1,9,0.6,0.6,76.3002810558137,0.0003447609404833028
0.1,11,0.6,0.6,76.32000411472848,8.635744705429747e-5
0.1,13,0.6,0.6,76.32489233816354,2.2313932418004794e-5
0.1,15,0.6,0.6,76.32614431012085,5.911105207298523e-6
0.1,17,0.6,0.6,76.32647345976075,1.5987205423491087e-6
0.1,19,0.6,0.6,76.32656189090737,4.4013163817027387e-7
0.1,21,0.6,0.6,76.32658609217253,1.230565084741646e-7
0.1,23,0.6,0.6,76.32659282255547,3.4877769560428006e-8
0.1,25,0.6,0.6,76.32659472092729,1.0006074333151325e-8
0.1,27,0.6,0.6,76.32659526316083,2.9019511523567797e-9
0.1,29,0.6,0.6,76.32659541979375,8.498103389304153e-10
0.1,31,0.6,0.6,76.3265954654997,2.509896342384246e-10
0.1,33,0.6,0.6,76.3265954789607,7.462902664384667e-11
0.1,35,0.6,0.6,76.32659548295666,2.2275526230931843e-11
0.1,37,0.6,0.6,76.32659548415262,6.606582745009156e-12
0.1,39,0.6,0.6,76.32659548451147,1.9050432489835893e-12
0.1,41,0.6,0.6,76.32659548462111,4.686272339417216e-13
0.1,43,0.6,0.6,76.3265954846545,3.1092867726765e-14
0.1,45,0.6,0.6,76.32659548466408,9.439571220041828e-14
0.1,47,0.6,0.6,76.32659548466691,1.3144649470117418e-13
0.1,49,0.6,0.6,76.32659548466802,1.4596891196277698e-13
0.1,1,0.6,-0.6,0.4709017239449318,1.0644244729292773
0.1,3,0.6,-0.6,-8.393254963635034,0.14828848504377387
0.1,5,0.6,-0.6,-7.102760911536066,0.028265124546675912
0.1,7,0.6,-0.6,-7.354195052593623,0.00613379818046388
0.1,9,0.6,-0.6,-7.298901933071918,0.0014309014174885527
0.1,11,0.6,-0.6,-7.311920099280543,0.0003501251828609334
0.1,13,0.6,-0.6,-7.308712329822894,8.873253644485063e-5
0.1,15,0.6,-0.6,-7.309529885024066,2.3117899108534592e-5
0.1,17,0.6,-0.6,-7.309315870286612,6.1616425844592315e-6
0.1,19,0.6,-0.6,-7.309373145862695,1.6742786135859895e-6
0.1,21,0.6,-0.6,-7.3093575265498165,4.6261311680222396e-7
0.1,23,0.6,-0.6,-7.309361856121465,1.2971933240559208e-7
0.1,25,0.6,-0.6,-7.30936063860499,3.685015164718091e-8
0.1,27,0.6,-0.6,-7.309360985394378,1.0594405090935757e-8
0.1,29,0.6,-0.6,-7.30936088547681,3.075404034584547e-9
0.1,31,0.6,-0.6,-7.309360914563268,9.039394474406081e-10
0.1,33,0.6,-0.6,-7.309360906017357,2.65233993770299e-10
0.1,35,0.6,-0.6,-7.309360908549532,8.119511134158258e-11
0.1,37,0.6,-0.6,-7.309360907793722,2.220798159562298e-11
0.1,39,0.6,-0.6,-7.309360908020613,8.833226714992733e-12
0.1,41,0.6,-0.6,-7.309360907951902,5.672201599249743e-13
0.1,43,0.6,-0.6,-7.3093609079729,2.305577402402841e-12
0.1,45,0.6,-0.6,-7.309360907966724,1.4605797605608805e-12
0.1,47,0.6,-0.6,-7.3093609079676005,1.5805125578714953e-12
0.1,49,0.6,-0.6,-7.309360907967194,1.5248598515206731e-12
0.1,1,-0.6,-0.6,-67.76012305554542,0.10715052679820955
0.1,3,-0.6,-0.6,-62.10899880832506,0.014815316866796678
0.1,5,-0.6,-0.6,-61.375083395236764,0.0028236793138371958
0.1,7,-0.6,-0.6,-61.23981068481926,0.0006134228112421433
0.1,9,-0.6,-0.6,-61.211037284942655,0.0001432866397796786
0.1,11,-0.6,-0.6,-61.20441650617169,3.510798877456837e-5
0.1,13,-0.6,-0.6,-61.20281310416258,8.909580344878516e-6
0.1,15,-0.6,-0.6,-61.202410077691596,2.324424510704684e-6
0.1,17,-0.6,-0.6,-61.20230578603608,6.203756374081766e-7
0.1,19,-0.6,-0.6,-61.20227814855632,1.687995643922998e-7
0.1,21,-0.6,-0.6,-61.20227067594428,4.67025848730807e-8
0.1,23,-0.6,-0.6,-61.20226862015837,1.3112556606845431e-8
0.1,25,-0.6,-0.6,-61.20226804592365,3.729984050002983e-9
0.1,27,-0.6,-0.6,-61.202267883345904,1.0735833250922647e-9
0.1,29,-0.6,-0.6,-61.202267836757194,3.123581051750342e-10
0.1,31,-0.6,-0.6,-61.20226782326023,9.182762804676218e-11
0.1,33,-0.6,-0.6,-61.20226781931318,2.7335725588941937e-11
0.1,35,-0.6,-0.6,-61.2022678181474,8.287732717046607e-12
0.1,37,-0.6,-0.6,-61.202267817801214,2.631348752302431e-12
0.1,39,-0.6,-0.6,-61.20226781769685,9.261093755621662e-13
0.1,41,-0.6,-0.6,-61.202267817665515,4.141196117124541e-13
0.1,43,-0.6,-0.6,-61.20226781765621,2.6203194943510204e-13
0.1,45,-0.6,-0.6,-61.20226781765347,2.1733443036885734e-13
0.1,47,-0.6,-0.6,-61.20226781765164,1.8738128772186739e-13
0.1,49,-0.6,-0.6,-61.202267817651425,1.838983641582639e-13
0.1,1,0.95,0.95,99.2572787062108,0.40547684805304485
0.1,3,0.95,0.95,135.32115906903354,0.1894643590525614
0.1,5,0.95,0.95,149.28600414165413,0.10581886909711499
0.1,7,0.95,0.95,156.27907967193119,0.06393231568505485
0.1,9,0.95,0.95,160.19007360916316,0.04050656320506977
0.1,11,0.95,0.95,162.52145903818933,0.026542220924737705
0.1,13,0.95,0.95,163.97273193606102,0.017849504896004998
0.1,15,0.95,0.95,164.9059495224909,0.012259794315899079
0.1,17,0.95,0.95,165.5217802490053,0.008571141661247885
0.1,19,0.95,0.95,165.9369962390547,0.006084114791675842
0.1,21,0.95,0.95,166.22212977901964,0.004376245171277545
0.1,23,0.95,0.95,166.42108009766608,0.0031845887802875424
0.1,25,0.95,0.95,166.56186066450726,0.0023413528239700715
0.1,27,0.95,0.95,166.6627329207601,0.0017371564112420247
0.1,29,0.95,0.95,166.7358242672544,0.0012993598258001164
0.1,31,0.95,0.95,166.78932200199375,0.0009789234578698358
0.1,33,0.95,0.95,166.82883559041295,0.0007422481889331515
0.1,35,0.95,0.95,166.85826011658548,0.000566003562114204
0.1,37,0.95,0.95,166.8803335768185,0.0004337897504607184
0.1,39,0.95,0.95,166.8970024362322,0.00033394797596131797
0.1,41,0.95,0.95,166.90966494551662,0.00025810311068339813
0.1,43,0.95,0.95,166.9193352722571,0.00020018057634600748
0.1,45,0.95,0.95,166.92675559217128,0.00015573494937192811
0.1,47,0.95,0.95,166.9324735261655,0.00012148613472398732
0.1,49,0.95,0.95,166.93689621786206,9.499545674245693e-5
0.1,1,0.95,-0.95,2.5587259958854602,1.1835967394695277
0.1,3,0.95,-0.95,-19.417465890557622,0.39326502017011256
0.1,5,0.95,-0.95,-11.378347238880915,0.18356734680857464
0.1,7,0.95,-0.95,-15.309625561734943,0.09851439355122518
0.1,9,0.95,-0.95,-13.141104584788177,0.05708389304879229
0.1,11,0.95,-0.95,-14.421284242764521,0.034773074644356944
0.1,13,0.95,-0.95,-13.630502850681452,0.021968008790559126
0.1,15,0.95,-0.95,-14.135673009111098,0.014279558988925575
0.1,17,0.95,-0.95,-13.80424715263178,0.009501301768867898
0.1,19,0.95,-0.95,-14.026528393499076,0.006448085205001418
0.1,21,0.95,-0.95,-13.874625934674595,0.0044514000085091885
0.1,23,0.95,-0.95,-13.980138550079749,0.0031194661930454425
0.1,25,0.95,-0.95,-13.905787967081974,0.002215424935586801
0.1,27,0.95,-0.95,-13.95885489724919,0.0015922963163272012
0.1,29,0.95,-0.95,-13.920541450895417,0.0011568154837266417
0.1,31,0.95,-0.95,-13.948490814388322,0.0008486403625802598
0.1,33,0.95,-0.95,-13.927910640989733,0.0006280526243883699
0.1,35,0.95,-0.95,-13.943192961333558,0.0004685025328136784
0.1,37,0.95,-0.95,-13.931757998540355,0.0003519924667147476
0.1,39,0.95,-0.95,-13.940373040015231,0.00026616419708019434
0.1,41,0.95,-0.95,-13.933842399391096,0.00020243006708346972
0.1,43,0.95,-0.95,-13.938820380301912,0.00015475591759679986
0.1,45,0.95,-0.95,-13.935007123003079,0.00011885743840539344
0.1,47,0.95,-0.95,-13.937941074357534,9.166291559358485e-5
0.1,49,0.95,-0.95,-13.935674796722157,7.09497225931241e-5
0.1,1,-0.95,-0.95,-105.47372990497398,0.1528312067534406
0.1,3,-0.95,-0.95,-96.25111990998234,0.05202778755586881
0.1,5,-0.95,-0.95,-93.75045214675811,0.02469540974231749
0.1,7,-0.95,-0.95,-92.71697401336115,0.013399461028351335
0.1,9,-0.95,-0.95,-92.20697078217508,0.007825109566749417
0.1,11,-0.95,-0.95,-91.92978563719903,0.004795467157547088
0.1,13,-0.95,-0.95,-91.76959043547717,0.0030445285315640115
0.1,15,-0.95,-0.95,-91.67287127294544,0.001987385023336047
0.1,17,-0.95,-0.95,-91.61248207330691,0.0013273291595973693
0.1,19,-0.95,-0.95,-91.57373843239813,0.000903859937989981
0.1,21,-0.95,-0.95,-91.54830996423476,0.0006259259759969871
0.1,23,-0.95,-0.95,-91.53129132104742,0.0004399116672146421
0.1,25,-0.95,-0.95,-91.51970466845138,0.0003132691875511596
0.1,27,-0.95,-0.95,-91.51169542719963,0.00022572792712773643
0.1,29,-0.95,-0.95,-91.50608292567786,0.00016438310782463617
0.1,31,-0.95,-0.95,-91.50210096550643,0.0001208601570973838
0.1,33,-0.95,-0.95,-91.49924379778108,8.963122341235595e-5
0.1,35,-0.95,-0.95,-91.49717245278224,6.699135700423817e-5
0.1,37,-0.95,-0.95,-91.49565656421198,5.042264694417554e-5
0.1,39,-0.95,-0.95,-91.49453756200661,3.819191741616936e-5
0.1,41,-0.95,-0.95,-91.49370499701729,2.909195572706008e-5
0.1,43,-0.95,-0.95,-91.49308108412575,2.227256807183696e-5
0.1,45,-0.95,-0.95,-91.49261047322682,1.712877604880746e-5
0.1,47,-0.95,-0.95,-91.49225339482437,1.32258978063599e-5
0.1,49,-0.95,-0.95,-91.49198101324109,1.024875847848575e-5
0.1,1,1.0,1.0,104.64493682755804,0.46094748294420085
0.1,3,1.0,1.0,145.38757348465305,0.2510718644258554
0.1,5,1.0,1.0,162.90313453674304,0.16084478264804739
0.1,7,1.0,1.0,172.62968319264294,0.11074087228047214
0.1,9,1.0,1.0,178.65978643332986,0.07967828646846
0.1,11,1.0,1.0,182.64391230716055,0.05915504716358433
0.1,13,1.0,1.0,185.39253986243205,0.04499617195149822
0.1,15,1.0,1.0,187.35128440286553,0.03490618378006942
0.1,17,1.0,1.0,188.78370750672335,0.027527410348385423
0.1,19,1.0,1.0,189.85396891820028,0.02201422332515621
0.1,21,1.0,1.0,190.668416196905,0.017818799553067748
0.1,23,1.0,1.0,191.29814377069664,0.014574913666154748
0.1,25,1.0,1.0,191.7919308471686,0.012031291637881542
0.1,27,1.0,1.0,192.1839921053986,0.010011685009065754
0.1,29,1.0,1.0,192.498788750414,0.008390087930404348
0.1,31,1.0,1.0,192.75410508020033,0.007074888988256173
0.1,33,1.0,1.0,192.96306652190174,0.005998475790144451
0.1,35,1.0,1.0,193.13549273762104,0.005110264774803511
0.1,37,1.0,1.0,193.27882244673725,0.004371937218685909
0.1,39,1.0,1.0,193.39875627355997,0.0037541277652246683
0.1,41,1.0,1.0,193.49971033078668,0.0032340879018079327
0.1,43,1.0,1.0,193.585140581661,0.0027940150883244445
0.1,45,1.0,1.0,193.65777762888524,0.0024198433001350675
0.1,47,1.0,1.0,193.71979856722487,0.0021003577718745644
0.1,49,1.0,1.0,193.77295407355484,0.0018265403245023664
0.1,1,1.0,-1.0,2.856986606162727,1.191108235290747
0.1,3,1.0,-1.0,-21.454463608151638,0.43512212147552404
0.1,5,1.0,-1.0,-11.597047301897867,0.2242556406570761
0.1,7,1.0,-1.0,-16.939185695665522,0.1330882260973809
0.1,9,1.0,-1.0,-13.673818023785234,0.08533724779262611
0.1,11,1.0,-1.0,-15.80983278560377,0.057544070168608664
0.1,13,1.0,-1.0,-14.347855063460885,0.04024987185073274
0.1,15,1.0,-1.0,-15.38267227668624,0.028970645683860825
0.1,17,1.0,-1.0,-14.630447780929712,0.021346809643514233
0.1,19,1.0,-1.0,-15.18942548427268,0.016044070041507583
0.1,21,1.0,-1.0,-14.766188109609034,0.01226692994938672
0.1,23,1.0,-1.0,-15.091911728867135,0.009521224721921974
0.1,25,1.0,-1.0,-14.837607280009943,0.007489591619621618
0.1,27,1.0,-1.0,-15.038710061310049,0.0059624832215494335
0.1,29,1.0,-1.0,-14.87784183317163,0.004798240377072675
0.1,31,1.0,-1.0,-15.007863822500516,0.0038991307887690932
0.1,33,1.0,-1.0,-14.90178688762003,0.0031965187975231766
0.1,35,1.0,-1.0,-14.989061864906256,0.0026414388807637764
0.1,37,1.0,-1.0,-14.916707400351163,0.0021984627158008955
0.1,39,1.0,-1.0,-14.977105014831587,0.0018416267596718656
0.1,41,1.0,-1.0,-14.926376545303924,0.001551678714536511
0.1,43,1.0,-1.0,-14.969219998437946,0.001314185866187555
0.1,45,1.0,-1.0,-14.93285661666108,0.0011182167588686138
0.1,47,1.0,-1.0,-14.963856463522173,0.0009554107531146925
0.1,49,1.0,-1.0,-14.937325091509784,0.0008193135925272753
0.1,1,-1.0,-1.0,-110.86138802632111,0.15793207936043877
0.1,3,-1.0,-1.0,-101.42508799885829,0.05937121243646739
0.1,5,-1.0,-1.0,-98.7253187992219,0.031172491323702554
0.1,7,-1.0,-1.0,-97.53275140168566,0.018716287491230773
0.1,9,-1.0,-1.0,-96.8989097894414,0.012095898290647196
0.1,11,-1.0,-1.0,-96.52624655765842,0.008203481656127031
0.1,13,-1.0,-1.0,-96.29266255366235,0.005763728589096236
0.1,15,-1.0,-1.0,-96.1394743662157,0.004163698862051395
0.1,17,-1.0,-1.0,-96.03547631153549,0.0030774533635131826
0.1,19,-1.0,-1.0,-95.9628795483121,0.002319190071932022
0.1,21,-1.0,-1.0,-95.91101105639606,0.0017774307473656568
0.1,23,-1.0,-1.0,-95.87320673066992,0.0013825697206707873
0.1,25,-1.0,-1.0,-95.84516864682226,0.00108971575853839
0.1,27,-1.0,-1.0,-95.82404889991803,0.0008691228823010951
0.1,29,-1.0,-1.0,-95.80791639900585,0.0007006211103217694
0.1,31,-1.0,-1.0,-95.79543536612088,0.0005702584239226025
0.1,33,-1.0,-1.0,-95.78566555261476,0.0004682140541964616
0.1,35,-1.0,-1.0,-95.77793480804588,0.00038746748144458505
0.1,37,-1.0,-1.0,-95.77175592165567,0.0003229298557361942
0.1,39,-1.0,-1.0,-95.76677125407198,0.00027086568260202635
0.1,41,-1.0,-1.0,-95.76271521237365,0.00022850088020022534
0.1,43,-1.0,-1.0,-95.75938841482673,0.00019375293351025483
0.1,45,-1.0,-1.0,-95.75663965253221,0.00016504248620284145
0.1,47,-1.0,-1.0,-95.75435313545296,0.00014116012713074472
0.1,49,-1.0,-1.0,-95.75243937157849,0.00012117112444891616
10.0,1,0.3,0.3,-1.5239953822061132,2.6121406750125736e-6
10.0,3,0.3,0.3,-1.523999363105787,6.897372696876959e-13
10.0,5,0.3,0.3,-1.5239993631066118,1.4861259296186098e-13
10.0,7,0.3,0.3,-1.5239993631066189,1.4395023710423398e-13
10.0,9,0.3,0.3,-1.523999363106618,1.4453303158643736e-13
10.0,11,0.3,0.3,-1.5239993631066109,1.4919538744406436e-13
10.0,13,0.3,0.3,-1.5239993631066304,1.3637390883559008e-13
10.0,15,0.3,0.3,-1.5239993631066868,9.936645921567568e-14
10.0,17,0.3,0.3,-1.5239993631066375,1.3171155297796306e-13
10.0,19,0.3,0.3,-1.5239993631066677,1.1189654058304827e-13
10.0,21,0.3,0.3,-1.5239993631066144,1.4686420951525086e-13
10.0,23,0.3,0.3,-1.5239993631066908,9.674388404576048e-14
10.0,25,0.3,0.3,-1.5239993631065345,1.9931571291355474e-13
10.0,27,0.3,0.3,-1.523999363106543,1.9377916533262266e-13
10.0,29,0.3,0.3,-1.5239993631065345,1.9931571291355474e-13
10.0,1,0.5,0.5,-1.2560993346530536,8.783900985411132e-6
10.0,3,0.5,0.5,-1.256110368195405,5.373502258541045e-12
10.0,5,0.5,0.5,-1.2561103682017385,3.3126992672234747e-13
10.0,7,0.5,0.5,-1.2561103682017483,3.2349197753569687e-13
10.0,9,0.5,0.5,-1.2561103682017447,3.263203226944789e-13
10.0,11,0.5,0.5,-1.2561103682017416,3.287951247084132e-13
10.0,13,0.5,0.5,-1.2561103682017976,2.8424868845759593e-13
10.0,15,0.5,0.5,-1.256110368201873,2.2414635383347737e-13
10.0,17,0.5,0.5,-1.2561103682017882,2.916730944993988e-13
10.0,19,0.5,0.5,-1.256110368201837,2.5278334856614564e-13
10.0,21,0.5,0.5,-1.2561103682017407,3.295022109981087e-13
10.0,23,0.5,0.5,-1.2561103682018748,2.2273218125408635e-13
10.0,25,0.5,0.5,-1.2561103682016257,4.2106988551367755e-13
10.0,27,0.5,0.5,-1.2561103682016217,4.242517738173073e-13
10.0,29,0.5,0.5,-1.2561103682016217,4.242517738173073e-13
5.0,1,0.3,0.3,1.1531383972005949,0.00039327412406940036
5.0,3,0.3,0.3,1.1535920017442902,6.360062614088017e-8
5.0,5,0.3,0.3,1.153592075139788,2.281516289749564e-11
5.0,7,0.3,0.3,1.1535920751520967,3.348515699242168e-11
5.0,9,0.3,0.3,1.153592075152098,3.348631187867506e-11
5.0,11,0.3,0.3,1.1535920751482323,3.013521693346702e-11
5.0,13,0.3,0.3,1.153592075144371,2.6787971609103563e-11
5.0,15,0.3,0.3,1.153592075144371,2.6787971609103563e-11
5.0,17,0.3,0.3,1.153592075144374,2.6790666343694768e-11
5.0,19,0.3,0.3,1.1535920751443731,2.678989641952585e-11
5.0,21,0.3,0.3,1.1535920751443727,2.6789511457441394e-11
5.0,23,0.3,0.3,1.1535920751443722,2.6789126495356937e-11
5.0,25,0.3,0.3,1.1535920751443705,2.6787586647019103e-11
5.0,27,0.3,0.3,1.1535920751443731,2.678989641952585e-11
5.0,29,0.3,0.3,1.153592075144374,2.6790666343694768e-11
5.0,1,0.5,0.5,2.4668646322776713,0.0005196912952215975
5.0,3,0.5,0.5,2.468146730452708,2.335742714080607e-7
5.0,5,0.5,0.5,2.4681473067441564,8.275867807903276e-11
5.0,7,0.5,0.5,2.4681473070126514,2.6025349216194523e-11
5.0,9,0.5,0.5,2.4681473070127815,2.6078068167822634e-11
5.0,11,0.5,0.5,2.4681473070063493,2.3471988661400882e-11
5.0,13,0.5,0.5,2.4681473069999047,2.086087116642764e-11
5.0,15,0.5,0.5,2.4681473069998985,2.0858352172151893e-11
5.0,17,0.5,0.5,2.4681473069999065,2.0861590879077853e-11
5.0,19,0.5,0.5,2.4681473069998896,2.0854753608900827e-11
5.0,21,0.5,0.5,2.4681473069998923,2.0855833177876148e-11
5.0,23,0.5,0.5,2.468147306999888,2.0854033896250613e-11
5.0,25,0.5,0.5,2.46814730699989,2.085493353706338e-11
5.0,27,0.5,0.5,2.4681473069998914,2.085547332155104e-11
5.0,29,0.5,0.5,2.4681473069998874,2.085385396808806e-11
1.0,1,0.3,0.3,11.724614529665761,0.020899597459441373
1.0,3,0.3,0.3,11.969410750830637,0.00045712763866423217
1.0,5,0.3,0.3,11.974752305700775,1.1064485772293326e-5
1.0,7,0.3,0.3,11.974881508549434,2.750000445969343e-7
1.0,9,0.3,0.3,11.97488471875165,6.9221240801190256e-9
1.0,11,0.3,0.3,11.974884799538113,1.75799161002289e-10
1.0,13,0.3,0.3,11.974884801585763,4.8038491259008694e-12
1.0,15,0.3,0.3,11.974884801637913,4.488774535256926e-13
1.0,17,0.3,0.3,11.97488480163918,3.4311088896395474e-13
1.0,19,0.3,0.3,11.974884801639258,3.3658392004289375e-13
1.0,21,0.3,0.3,11.97488480163931,3.321337139603522e-13
1.0,23,0.3,0.3,11.974884801639362,3.27831848080562e-13
1.0,25,0.3,0.3,11.974884801639217,3.3999574470617563e-13
1.0,27,0.3,0.3,11.974884801638002,4.4146044338812335e-13
1.0,29,0.3,0.3,11.974884801637891,4.5065753595870924e-13
1.0,1,0.5,0.5,20.101745863100827,0.03773472979841294
1.0,3,0.5,0.5,20.841778774642673,0.002309549596028566
1.0,5,0.5,0.5,20.886775239261656,0.0001555807079738637
1.0,7,0.5,0.5,20.889800718677392,1.0751806678425089e-5
1.0,9,0.5,0.5,20.890009611269036,7.521734370994482e-7
1.0,11,0.5,0.5,20.89002421731495,5.2985873387502755e-8
1.0,13,0.5,0.5,20.890025245895405,3.747998353787613e-9
1.0,15,0.5,0.5,20.89002531863383,2.660292247048582e-10
1.0,17,0.5,0.5,20.890025323790415,1.918480067615548e-11
1.0,19,0.5,0.5,20.89002532415653,1.6590081342106137e-12
1.0,21,0.5,0.5,20.89002532418263,4.0952245896249695e-13
1.0,23,0.5,0.5,20.890025324184506,3.1972683673151754e-13
1.0,25,0.5,0.5,20.89002532418445,3.2244791619306236e-13
1.0,27,0.5,0.5,20.890025324182435,4.1887616961155727e-13
1.0,29,0.5,0.5,20.890025324182204,4.2993055492408313e-13
0.5,1,0.3,0.3,4.970527374522897,0.08962087387449494
0.5,3,0.3,0.3,5.44480442253446,0.0027544526727415575
0.5,5,0.3,0.3,5.459284754152612,0.00010230117024519093
0.5,7,0.3,0.3,5.459820990706528,4.0865285045336424e-6
0.5,9,0.3,0.3,5.459842373915426,1.7007747965963208e-7
0.5,11,0.3,0.3,5.459843262749702,7.282647069199379e-9
0.5,13,0.3,0.3,5.459843300771905,3.186737357078668e-10
0.5,15,0.3,0.3,5.459843302434564,1.414879547848909e-11
0.5,17,0.3,0.3,5.45984330250857,5.940880367853449e-13
0.5,19,0.3,0.3,5.459843302511922,1.9846314481876252e-14
0.5,21,0.3,0.3,5.459843302512066,4.619961731846603e-14
0.5,23,0.3,0.3,5.459843302512067,4.636229202733387e-14
0.5,25,0.3,0.3,5.459843302512076,4.798903911601225e-14
0.5,27,0.3,0.3,5.459843302512064,4.5711593191862514e-14
0.5,29,0.3,0.3,5.459843302512068,4.65249667362017e-14
0.5,1,0.5,0.5,9.682721552178776,0.14065850020777326
0.5,3,0.5,0.5,11.129509522045982,0.012256073554569006
0.5,5,0.5,0.5,11.253233358251098,0.0012755835764566013
0.5,7,0.5,0.5,11.26600295018384,0.00014228234249231297
0.5,9,0.5,0.5,11.267420092821538,1.651093895280584e-5
0.5,11,0.5,0.5,11.267583937949144,1.9696845201877806e-6
0.5,13,0.5,0.5,11.26760342701457,2.400300400093994e-7
0.5,15,0.5,0.5,11.267605796291324,2.9756737429587786e-8
0.5,17,0.5,0.5,11.267606089422994,3.7413028621007565e-9
0.5,19,0.5,0.5,11.267606126216718,4.758600347817824e-10
0.5,21,0.5,0.5,11.267606130890368,6.107362345828585e-11
0.5,23,0.5,0.5,11.267606131489789,7.875015846803515e-12
0.5,25,0.5,0.5,11.267606131567419,9.853228908256321e-13
0.5,27,0.5,0.5,11.267606131577502,9.049205429342605e-14
0.5,29,0.5,0.5,11.26760613157876,2.1125322779301552e-14
0.1,1,0.3,0.3,29.2177231287003,0.08704561142326467
0.1,3,0.3,0.3,31.89841082400523,0.0032832461954182784
0.1,5,0.3,0.3,31.998284098625554,0.0001625463392207094
0.1,7,0.3,0.3,32.0031973072776,9.025293753790651e-6
0.1,9,0.3,0.3,32.00346902529735,5.350305840628127e-7
0.1,11,0.3,0.3,32.00348508729818,3.3147734261813564e-8
0.1,13,0.3,0.3,32.00348608022246,2.1222305615833e-9
0.1,15,0.3,0.3,32.00348614368287,1.3930870917423193e-10
0.1,17,0.3,0.3,32.003486147847646,9.173661632664587e-12
0.1,19,0.3,0.3,32.00348614812695,4.4626103927142036e-13
0.1,21,0.3,0.3,32.003486148145974,1.480876185044962e-13
0.1,23,0.3,0.3,32.003486148147154,1.8494300781745928e-13
0.1,25,0.3,0.3,32.00348614814731,1.8982745700351464e-13
0.1,27,0.3,0.3,32.00348614814735,1.9115957950880246e-13
0.1,29,0.3,0.3,32.003486148147516,1.9626604911240577e-13
0.1,1,0.5,0.5,50.7683556140881,0.15387710615952252
0.1,3,0.5,0.5,58.997368739009694,0.016729540230131255
0.1,5,0.5,0.5,59.860594557070996,0.002342721543942422
0.1,7,0.5,0.5,59.9792360155286,0.0003654021498956119
0.1,9,0.5,0.5,59.99752131956562,6.06529773172393e-5
0.1,11,0.5,0.5,60.00053036274301,1.050322773121914e-5
0.1,13,0.5,0.5,60.001047908315655,1.8776350302741632e-6
0.1,15,0.5,0.5,60.001139909991664,3.4430342239786334e-7
0.1,17,0.5,0.5,60.001156699494544,6.448378690367697e-8
0.1,19,0.5,0.5,60.00115983077056,1.2296862726380577e-8
0.1,21,0.5,0.5,60.001160425674854,2.381982959036592e-9
0.1,23,0.5,0.5,60.00116054053234,4.67728564420693e-10
0.1,25,0.5,0.5,60.00116056302395,9.28756129916581e-11
0.1,27,0.5,0.5,60.00116056748405,1.8542083000197443e-11
0.1,29,0.5,0.5,60.00116056837862,3.632816315276554e-12
