i,H,rr,energy,error_r,error_a
1,10.0,0.0,-0.5412178978926464,0.14624186252273003,0.09270624775809477
1,10.0,2.0,-0.6339238505027819,4.6558876376604113e-7,2.951479592949724e-7
1,10.0,2.0,-0.6339238505028094,4.655887203325622e-7,2.951479317614414e-7
1,10.0,4.0,-0.633924145650825,1.3222692168185805e-13,8.382183835919932e-14
1,10.0,4.0,-0.6339241456507753,5.376644365076876e-14,3.4083846855992306e-14
1,10.0,6.0,-0.6339241456521493,2.22123714925961e-12,1.408095862132086e-12
1,10.0,6.0,-0.6339241456521257,2.1841085301913266e-12,1.3845591340100327e-12
1,10.0,8.0,-0.6339241456526618,3.0296602889727975e-12,1.9205748102990583e-12
1,10.0,8.0,-0.6339241456531418,3.786944009969293e-12,2.400635246146976e-12
1,10.0,10.0,-0.6339241456532181,3.9072617519500034e-12,2.4769075679387242e-12
1,10.0,10.0,-0.6339241456528619,3.345428686048811e-12,2.120748021638974e-12
1,5.0,0.0,-0.9652108877644728,0.08744652800780532,0.0924924878605432
1,5.0,1.0,-1.0574892508911826,0.00020244308448660335,0.00021412473383342068
1,5.0,2.0,-1.0577029627833199,3.903189738034513e-7,4.1284169616240263e-7
1,5.0,3.0,-1.0577033748529387,7.2995634577882e-10,7.720772909891593e-10
1,5.0,4.0,-1.0577033756243943,5.878064759155176e-13,6.217248937900877e-13
1,5.0,5.0,-1.0577033756261593,1.0809341230317858e-12,1.1433076707589862e-12
1,5.0,6.0,-1.0577033756263832,1.2925444543613722e-12,1.3671286325234178e-12
1,5.0,7.0,-1.0577033756265117,1.414094436345331e-12,1.4956924587750109e-12
1,5.0,8.0,-1.0577033756265892,1.4873603149505151e-12,1.5731860258938468e-12
1,5.0,9.0,-1.0577033756267777,1.6655916356834703e-12,1.7617018954751984e-12
1,5.0,10.0,-1.0577033756270162,1.891057405373922e-12,2.000177801164682e-12
1,1.0,0.0,2.671225793355555,2.5092512213908917,4.441127156028507
1,1.0,1.0,-1.7683188290497585,0.0008941366205872495,0.0015825336231931608
1,1.0,2.0,-1.7698984777907283,1.6299677960436706e-6,2.8848822233307203e-6
1,1.0,3.0,-1.769901357295029,3.0385436528555624e-9,5.3779225517303075e-9
1,1.0,4.0,-1.7699013626636346,5.2641304307396814e-12,9.316991622654314e-12
1,1.0,5.0,-1.7699013626738362,4.998163878948258e-13,8.846257060213247e-13
1,1.0,6.0,-1.7699013626740456,6.181213210737467e-13,1.0940137684656293e-12
1,1.0,7.0,-1.7699013626741968,7.035568030407086e-13,1.2452261444195756e-12
1,1.0,8.0,-1.7699013626743072,7.659083956069055e-13,1.3555823130673161e-12
1,1.0,9.0,-1.7699013626744493,8.462001848269578e-13,1.4976908602193362e-12
1,1.0,10.0,-1.7699013626747842,1.0353877131767062e-12,1.8325341244462834e-12
1,0.5,0.0,9.6851232607452,6.205758978681301,11.545586509314305
1,0.5,1.0,-1.858287888495463,0.0011692572133930278,0.002175360073642052
1,0.5,2.0,-1.8604593158575897,2.113834561556428e-6,3.932711515330922e-6
1,0.5,3.0,-1.860463241241849,3.93840412639459e-9,7.327256135170046e-9
1,0.5,4.0,-1.860463248556105,6.987531462685023e-12,1.3000045484545808e-11
1,0.5,5.0,-1.860463248570186,5.80991394270427e-13,1.0809131367750524e-12
1,0.5,6.0,-1.8604632485704171,7.052338021248877e-13,1.31206157050201e-12
1,0.5,7.0,-1.8604632485703028,6.437690182199432e-13,1.1977085989656189e-12
1,0.5,8.0,-1.8604632485707375,8.774545461536934e-13,1.6324719354088302e-12
1,0.5,9.0,-1.860463248570541,7.718305971131577e-13,1.4359624600501775e-12
1,0.5,10.0,-1.8604632485706918,8.528686325917156e-13,1.5867307467942737e-12
1,0.1,0.0,66.2388205188074,35.32565786779966,68.16853795565643
1,0.1,1.0000000000000002,-1.926907630192427,0.0014560715485886742,0.0028098066566113467
1,0.1,2.0,-1.9297123855692413,2.617626653856695e-6,5.051279797108066e-6
1,0.1,3.0,-1.929717427440995,4.875347693782832e-9,9.408043455394477e-9
1,0.1,4.0,-1.9297174368321177,8.768479130984186e-12,1.6920687073707086e-11
1,0.1,5.0,-1.9297174368498076,3.98588154292809e-13,7.691625114603085e-13
1,0.1,6.0,-1.929717436850093,5.46447790050967e-13,1.0544898287889737e-12
1,0.1,7.000000000000002,-1.92971743685026,6.330923859466037e-13,1.2216894162975223e-12
1,0.1,8.000000000000002,-1.9297174368504413,7.269861312996442e-13,1.4028778139163478e-12
1,0.1,9.000000000000002,-1.9297174368505838,8.008584162465216e-13,1.545430450278218e-12
1,0.1,10.000000000000002,-1.9297174368507657,8.950973591927718e-13,1.7272849817118185e-12
2,10.0,0.0,-0.1926437605941068,0.5822572844666687,0.07089127287587757
2,10.0,2.0,-0.12175271057497077,1.8304081150491846e-6,2.2285674154687296e-7
2,10.0,2.0,-0.12175271057501251,1.830408457911877e-6,2.2285678329125869e-7
2,10.0,4.0,-0.1217524877199956,1.4507947583414867e-11,1.7663787099664319e-12
2,10.0,4.0,-0.12175248771998139,1.4391228369035526e-11,1.7521678552512299e-12
2,10.0,6.0,-0.12175248771960942,1.133612572937785e-11,1.380201508638379e-12
2,10.0,6.0,-0.12175248771960853,1.1328830778479142e-11,1.3793133302186789e-12
2,10.0,8.0,-0.12175248772005517,1.4997279211667318e-11,1.8259560530253793e-12
2,10.0,8.0,-0.12175248772002853,1.4778430684706053e-11,1.7993107004343756e-12
2,10.0,10.0,-0.12175248772035405,1.745203018908282e-11,2.1248280912544715e-12
2,10.0,10.0,-0.12175248772039313,1.7773008028626005e-11,2.163907941721277e-12
2,5.0,0.0,-0.3885277723089032,0.09106268408924073,0.03242745105813577
2,5.0,1.0,-0.3560701281220624,8.478826584304219e-5,3.0193128705002792e-5
2,5.0,2.0,-0.35610026232864544,1.654649503049875e-7,5.892212195934832e-8
2,5.0,3.0,-0.3561003211410281,3.0816969877985565e-10,1.0973932873525882e-10
2,5.0,4.0,-0.3561003212514419,1.894174080612572e-12,6.745159986110139e-13
2,5.0,5.0,-0.35610032125190266,3.1880301310680364e-12,1.1352585538304538e-12
2,5.0,6.0,-0.3561003212521037,3.752650205134264e-12,1.3363199435900697e-12
2,5.0,7.0,-0.35610032125221863,4.075334786392434e-12,1.4512280266387734e-12
2,5.0,8.0,-0.35610032125240376,4.5952155006417085e-12,1.6363577159950182e-12
2,5.0,9.0,-0.3561003212524213,4.644475562321699e-12,1.6538992397840957e-12
2,5.0,10.0,-0.3561003212526604,5.3158777321182875e-12,1.892985768137123e-12
2,1.0,0.0,4.825160484291537,4.590844832629884,6.168900108027286
2,1.0,1.0,-1.3400165548862244,0.0027706772828307844,0.003723068849524225
2,1.0,2.0,-1.3437327166948876,5.140163123146476e-6,6.907040861037217e-6
2,1.0,3.0,-1.343739610843016,9.594665835193511e-9,1.289273265925317e-8
2,1.0,4.0,-1.3437396237124688,1.7324652859037162e-11,2.3279822514155057e-11
2,1.0,5.0,-1.343739623736718,7.214543115187113e-13,9.694467451026867e-13
2,1.0,6.0,-1.343739623736881,8.427432406654667e-13,1.1324274851176597e-12
2,1.0,7.0,-1.3437396237369532,8.964474667863053e-13,1.2045919817182948e-12
2,1.0,8.0,-1.3437396237372647,1.1282844798556484e-12,1.5161205624281138e-12
2,1.0,9.0,-1.343739623737472,1.282456919765625e-12,1.723288178823168e-12
2,1.0,10.0,-1.3437396237375319,1.3270727383890908e-12,1.7832402221529264e-12
2,0.5,0.0,13.578542410983088,8.102600602222227,15.490312925959632
2,0.5,1.0,-1.90656467197196,0.002723048066596428,0.005205843004582933
2,0.5,2.0,-1.911760875383579,5.042233305899006e-6,9.639592963850419e-6
2,0.5,3.0,-1.911770496984846,9.41101292239735e-9,1.7991697021102482e-8
2,0.5,4.0,-1.9117705149437514,1.7152449521762274e-11,3.2791547255328624e-11
2,0.5,5.0,-1.9117705149774553,4.772441433160969e-13,9.123812816369536e-13
2,0.5,6.0,-1.9117705149777136,6.12322006221091e-13,1.170619157164765e-12
2,0.5,7.0,-1.9117705149778408,6.788736961992179e-13,1.297850715786808e-12
2,0.5,8.0,-1.9117705149780784,8.031499759140448e-13,1.5354384430565915e-12
2,0.5,9.0,-1.9117705149781747,8.535573641348251e-13,1.631805801594055e-12
2,0.5,10.0,-1.9117705149784525,9.988560799509452e-13,1.9095836023552692e-12
2,0.1,0.0,88.04483410979431,70.19312714281544,89.31728468032668
2,0.1,1.0000000000000002,-1.2659795529743914,0.005085476566112242,0.00647101755797852
2,0.1,2.0,-1.2724385982110322,9.408869479810848e-6,1.1972321337649916e-5
2,0.1,3.0,-1.272450548187096,1.7560818762591127e-8,2.2345273853474623e-8
2,0.1,4.0,-1.2724505704913591,3.222973944997757e-11,4.101075035123358e-11
2,0.1,5.0,-1.2724505705332818,7.166778918929368e-13,9.119371924271036e-13
2,0.1,6.0,-1.2724505705335525,9.293952890727494e-13,1.1826095658307167e-12
2,0.1,7.000000000000002,-1.2724505705336402,9.983234038274876e-13,1.2703171847761041e-12
2,0.1,8.000000000000002,-1.2724505705337907,1.1166354590267599e-12,1.4208634269152753e-12
2,0.1,9.000000000000002,-1.2724505705339433,1.2365180282331022e-12,1.5734080704987718e-12
2,0.1,10.000000000000002,-1.2724505705345603,1.7214578533050456e-12,2.190470027585434e-12
3,10.0,0.0,-0.6482633928797934,0.06947129632413047,0.04839796782725103
3,10.0,2.0,-0.6966616561814198,4.241291279761128e-7,2.954743754113309e-7
3,10.0,2.0,-0.6966616561815135,4.241292624787974e-7,2.954744691141542e-7
3,10.0,4.0,-0.6966613607090473,2.8749152018293213e-12,2.0028423364237824e-12
3,10.0,4.0,-0.6966613607090615,2.8953137132391968e-12,2.0170531911389844e-12
3,10.0,6.0,-0.6966613607084483,2.015149818577149e-12,1.4038770146385104e-12
3,10.0,6.0,-0.6966613607084221,1.9775400631651915e-12,1.3776757512573568e-12
3,10.0,8.0,-0.6966613607086728,2.3373825535050253e-12,1.628364110217717e-12
3,10.0,8.0,-0.6966613607087341,2.4253511339601135e-12,1.6896484211770257e-12
3,10.0,10.0,-0.6966613607090333,2.8548354171602255e-12,1.9888535263135054e-12
3,10.0,10.0,-0.6966613607090177,2.832524545305674e-12,1.9733104039687532e-12
3,5.0,0.0,-0.9059228454788423,0.02710720491862973,0.025241256114769794
3,5.0,1.0,-0.931346639017499,0.0001960314230054248,0.0001825374238869637
3,5.0,2.0,-0.9311645009114267,4.288372091544734e-7,3.9931781459223714e-7
3,5.0,3.0,-0.9311641023481053,8.102688284127197e-10,7.544932456582387e-10
3,5.0,4.0,-0.9311641015958527,2.4062913341094184e-12,2.240652108298491e-12
3,5.0,5.0,-0.9311641015945705,1.0293089429871474e-12,9.584555371588976e-13
3,5.0,6.0,-0.9311641015947911,1.2662181135785366e-12,1.1790568521519162e-12
3,5.0,7.0,-0.93116410159495,1.4368356390522546e-12,1.3379297669757761e-12
3,5.0,8.0,-0.9311641015951706,1.6737448096436438e-12,1.5585310819687948e-12
3,5.0,9.0,-0.9311641015952526,1.7618554674529224e-12,1.6405765634885938e-12
3,5.0,10.0,-0.9311641015954502,1.9739648859139597e-12,1.838085239569409e-12
3,1.0,0.0,3.489324373083612,4.705511699764962,4.430982275096156
3,1.0,1.0,-0.9409595288150241,0.0007416421569104025,0.0006983731975203078
3,1.0,2.0,-0.9416569697278501,9.900460584891777e-7,9.322846943327079e-7
3,1.0,3.0,-0.9416579003234494,1.7937458724545898e-9,1.68909497499925e-9
3,1.0,4.0,-0.9416579020101231,2.5713004576610544e-12,2.421285394405004e-12
3,1.0,5.0,-0.9416579020133654,8.718770637995093e-13,8.210099267103033e-13
3,1.0,6.0,-0.9416579020136899,1.216501358253325e-12,1.1455281168082365e-12
3,1.0,7.0,-0.9416579020136558,1.1803057857602282e-12,1.1114442699522442e-12
3,1.0,8.0,-0.9416579020138565,1.3933526896528196e-12,1.31206157050201e-12
3,1.0,9.0,-0.9416579020142356,1.7959842208056694e-12,1.691202733411501e-12
3,1.0,10.0,-0.9416579020143969,1.96729421048798e-12,1.8525181388895362e-12
3,0.5,0.0,10.58347740834452,11.459690089444244,11.595312110696284
3,0.5,1.0,-1.0107638240845958,0.0010583529747298628,0.0010708782671688954
3,0.5,2.0,-1.0118332520880164,1.4333010568160077e-6,1.450263748203895e-6
3,0.5,3.0,-1.0118346997197822,2.6011980056405813e-9,2.6319824097953415e-9
3,0.5,4.0,-1.011834702347561,4.1545802399048955e-12,4.203748460440693e-12
3,0.5,5.0,-1.0118347023525476,7.73771916644024e-13,7.829292769656604e-13
3,0.5,6.0,-1.0118347023529344,1.1560494772775717e-12,1.169730978745065e-12
3,0.5,7.0,-1.011834702353061,1.2811345573930265e-12,1.2962964035523328e-12
3,0.5,8.0,-1.0118347023532626,1.4803928955418563e-12,1.4979129048242612e-12
3,0.5,9.0,-1.0118347023533931,1.6094280308188517e-12,1.6284751325201796e-12
3,0.5,10.0,-1.0118347023535463,1.7608468120112444e-12,1.7816859099184512e-12
3,0.1,0.0,67.33932186289529,52.467931198160784,68.64769622913175
3,0.1,1.0000000000000002,-1.3069230192915589,0.0011092749769127893,0.0014513469449002336
3,0.1,2.0,-1.3083724273289903,1.4819210149910704e-6,1.938907468801432e-6
3,0.1,3.0,-1.308374362722033,2.6861012980507407e-9,3.514426083484068e-9
3,0.1,4.0,-1.3083743662306504,4.439621422381972e-12,5.808686864838819e-12
3,0.1,5.0,-1.308374366236996,4.1035950303209505e-13,5.369038547087257e-13
3,0.1,6.0,-1.3083743662375449,8.298833622113089e-13,1.085798118083403e-12
3,0.1,7.000000000000002,-1.3083743662377028,9.505473848150391e-13,1.2436718321851004e-12
3,0.1,8.000000000000002,-1.3083743662378176,1.0382876094087502e-12,1.3584688929313415e-12
3,0.1,9.000000000000002,-1.3083743662381568,1.2976049463124065e-12,1.6977530492567894e-12
3,0.1,10.000000000000002,-1.3083743662382252,1.3498757184107875e-12,1.766142787573699e-12
4,10.0,0.0,0.2061459977485671,0.4567229814903193,0.0646324770806452
4,10.0,2.0,0.1415139118705988,2.7644190821686986e-6,3.912026769192778e-7
4,10.0,2.0,0.1415139118705997,2.764419088444978e-6,3.912026778074562e-7
4,10.0,4.0,0.1415135206683934,3.331919920675012e-12,4.71511718558304e-13
4,10.0,4.0,0.1415135206684245,3.5515897058855145e-12,5.025979632478084e-13
4,10.0,6.0,0.14151352066656497,9.588586124438427e-12,1.3569145806968663e-12
4,10.0,6.0,0.14151352066657563,9.513270769509112e-12,1.3462564396604648e-12
4,10.0,8.0,0.1415135206662475,1.1831963805900682e-11,1.6743828545884298e-12
4,10.0,8.0,0.1415135206660299,1.3369652302374198e-11,1.8919865674149605e-12
4,10.0,10.0,0.1415135206658369,1.4733566308047263e-11,2.084998840246044e-12
4,10.0,10.0,0.141513520665852,1.4626869555230734e-11,2.069899807111142e-12
4,5.0,0.0,0.38383068270927967,1.2969478231517753,0.2167260237176778
4,5.0,1.0,0.16759467710361275,0.0029324024534558802,0.0004900181120108815
4,5.0,2.0,0.16710557306982116,5.470094160144563e-6,9.1407821928291e-7
4,5.0,3.0,0.1671046606978327,1.0210552079106777e-8,1.7062308232951295e-9
4,5.0,4.0,0.16710465899401097,1.4416717710012001e-11,2.409100696709743e-12
4,5.0,5.0,0.16710465899066063,5.632680057858301e-12,9.412470802772077e-13
4,5.0,6.0,0.16710465899039825,7.2027946068950586e-12,1.2036205365717478e-12
4,5.0,7.0,0.16710465899018848,8.458155419506908e-12,1.4133971770746712e-12
4,5.0,8.0,0.16710465898961913,1.1865302329947086e-11,1.982747299678067e-12
4,5.0,9.0,0.16710465898969368,1.1419165899320542e-11,1.908195823574488e-12
4,5.0,10.0,0.1671046589890164,1.547209778454702e-11,2.585459624171449e-12
4,1.0,0.0,8.209900181014122,42.29252895744087,8.408723076784828
4,1.0,1.0,-0.19403029084577567,0.024104894490910807,0.004792604924930222
4,1.0,2.0,-0.19881406091133264,4.4435824853095485e-5,8.834859373252346e-6
4,1.0,3.0,-0.19882287928709272,8.290601092477025e-8,1.64836131688606e-8
4,1.0,4.0,-0.19882289574072626,1.507856012935427e-10,2.997962988970926e-11
4,1.0,5.0,-0.19882289577190404,6.0262309505704424e-12,1.198152688175469e-12
4,1.0,6.0,-0.19882289577193826,6.198357126489025e-12,1.2323753129095394e-12
4,1.0,7.0,-0.19882289577218323,7.430462259220092e-12,1.4773460232930802e-12
4,1.0,8.0,-0.19882289577227796,7.906915331734383e-12,1.5720758028692217e-12
4,1.0,9.0,-0.19882289577243284,8.685880507424317e-12,1.726951914804431e-12
4,1.0,10.0,-0.19882289577261628,9.608493562287179e-12,1.9103885140481225e-12
4,0.5,0.0,19.989554402731017,26.96023110981051,20.75956119959566
4,0.5,1.0,-0.7634399326482627,0.008528319805900967,0.006566864216379087
4,0.5,2.0,-0.769994718647443,1.5685857901542855e-5,1.2078217198840946e-5
4,0.5,3.0,-0.7700067743324808,2.9262288485798575e-8,2.253216102587885e-8
4,0.5,4.0,-0.7700067968233806,5.3585522664993125e-11,4.126121666558902e-11
4,0.5,5.0,-0.7700067968655333,1.1577937914367755e-12,8.915090887740007e-13
4,0.5,6.0,-0.7700067968657609,1.4533700395619798e-12,1.1191048088221578e-12
4,0.5,7.0,-0.7700067968660168,1.785713089283246e-12,1.3750112159982564e-12
4,0.5,8.0,-0.7700067968661405,1.9463335480205522e-12,1.4986900609414988e-12
4,0.5,9.0,-0.7700067968663424,2.2086033994057944e-12,1.7006396291208148e-12
4,0.5,10.0,-0.7700067968665655,2.4982681225684943e-12,1.9236834347680087e-12
4,0.1,0.0,112.44499506794254,130.97731739284964,113.3101075146634
4,0.1,1.0000000000000002,-0.8572104265353498,0.009134096053601722,0.00790202018551478
4,0.1,2.0,-0.8650979169022452,1.6795294848032645e-5,1.4529818619379853e-5
4,0.1,3.0,-0.8651124196145112,3.1332751582575255e-8,2.7106353384098725e-8
4,0.1,4.0,-0.8651124466710499,5.7581772292176625e-11,4.981470791420861e-11
4,0.1,5.0,-0.8651124467217264,9.96119192343673e-13,8.617551117140465e-13
4,0.1,6.0,-0.8651124467220538,1.3745726190663594e-12,1.1891598816760052e-12
4,0.1,7.000000000000002,-0.8651124467221484,1.483912164528458e-12,1.2837508833740685e-12
4,0.1,8.000000000000002,-0.865112446722389,1.7620093417777158e-12,1.52433621281034e-12
4,0.1,9.000000000000002,-0.8651124467224913,1.8803321832284845e-12,1.6266987756807794e-12
4,0.1,10.000000000000002,-0.8651124467228033,2.240947350773669e-12,1.9386714456004484e-12
5,10.0,0.0,-0.5814365519657102,0.1190388183265452,0.07856591359267673
5,10.0,2.0,-0.6600022945914212,2.5903988942086107e-7,1.7096696569574021e-7
5,10.0,2.0,-0.6600022945914168,2.590398961494603e-7,1.709669701366323e-7
5,10.0,4.0,-0.6600024655586496,3.979966459732479e-13,2.6267876762631204e-13
5,10.0,4.0,-0.660002465558662,4.1683672388914127e-13,2.751132655021138e-13
5,10.0,6.0,-0.660002465559717,2.015215477075025e-12,1.3300471835009375e-12
5,10.0,6.0,-0.6600024655596983,1.986955360201185e-12,1.311395436687235e-12
5,10.0,8.0,-0.6600024655600619,2.537859424259675e-12,1.6749934772519737e-12
5,10.0,8.0,-0.6600024655600655,2.5432423036642155e-12,1.6785461909307742e-12
5,10.0,10.0,-0.6600024655602514,2.825002397495657e-12,1.864508547555488e-12
5,10.0,10.0,-0.6600024655603549,2.981778760152913e-12,1.9679813334505525e-12
5,5.0,0.0,-1.2961141551014155,0.09403631998079545,0.13453277223891735
5,5.0,1.0,-1.430528982649624,8.24415084217756e-5,0.00011794469070891545
5,5.0,2.0,-1.4306467163145091,1.4750377585932975e-7,2.1102582370424727e-7
5,5.0,3.0,-1.4306469269479807,2.742480644739678e-10,3.9235215076871555e-10
5,5.0,4.0,-1.4306469273403914,4.09743134940962e-14,5.861977570020827e-14
5,5.0,5.0,-1.4306469273412277,6.254791037166958e-13,8.948397578478762e-13
5,5.0,6.0,-1.430646927341458,7.864274487673691e-13,1.1251000131551336e-12
5,5.0,7.0,-1.4306469273417082,9.61344309781939e-13,1.375344282905644e-12
5,5.0,8.0,-1.4306469273419171,1.1073929044711227e-12,1.5842882561400984e-12
5,5.0,9.0,-1.4306469273421036,1.2377657201341561e-12,1.7708057242771247e-12
5,5.0,10.0,-1.430646927342166,1.2813785310880993e-12,1.8332002582610585e-12
5,1.0,0.0,1.4690975897627292,1.6252281582537216,3.8187959684569277
5,1.0,1.0,-2.348750042426571,0.00040359914967225206,0.0009483362676272478
5,1.0,2.0,-2.349696801478298,6.712418557238243e-7,1.577215900105955e-6
5,1.0,3.0,-2.3496983757754055,1.2421989092329232e-9,2.918792763040301e-9
5,1.0,4.0,-2.349698378689185,2.133602821304843e-12,5.013323089997357e-12
5,1.0,5.0,-2.349698378694706,2.1602515942523125e-13,5.075939668586216e-13
5,1.0,6.0,-2.3496983786948396,2.7291367472443914e-13,6.412648190234904e-13
5,1.0,7.0,-2.3496983786949635,3.25644225450283e-13,7.651657085716579e-13
5,1.0,8.0,-2.349698378695003,3.4246508213343747e-13,8.046896482483135e-13
5,1.0,9.0,-2.3496983786951624,4.103155040351505e-13,9.64117674584486e-13
5,1.0,10.0,-2.349698378695184,4.195764251303704e-13,9.85878045867139e-13
5,0.5,0.0,7.410509115308596,4.005538366846807,9.87612698831654
5,0.5,1.0,-2.464296606833029,0.0005358762967206695,0.0013212661749157917
5,0.5,2.0,-2.46561570586365,8.789457275003219e-7,2.1671442951287645e-6
5,0.5,3.0,-2.4656178690016617,1.6248597761075417e-9,4.006283305102443e-9
5,0.5,4.0,-2.465617873000823,2.8884681346331663e-12,7.121858658365454e-12
5,0.5,5.0,-2.4656178730084313,1.9722345871567732e-13,4.862776847858186e-13
5,0.5,6.0,-2.4656178730085707,2.5377886148894003e-13,6.257216966787382e-13
5,0.5,7.0,-2.4656178730086626,2.910622002598489e-13,7.176481631177012e-13
5,0.5,8.0,-2.465617873008723,3.155575339450837e-13,7.780442956573097e-13
5,0.5,9.0,-2.4656178730088745,3.769759809058563e-13,9.29478716216181e-13
5,0.5,10.0,-2.465617873008954,4.0921616274156976e-13,1.0089706847793423e-12
5,0.1,0.0,55.695828642346136,23.15107939046458,58.21019047819968
5,0.1,1.0000000000000002,-2.5126369405449966,0.0006860171372120888,0.0017248953085475804
5,0.1,2.0,-2.514359043597805,1.1105226380921385e-6,2.7922557390702707e-6
5,0.1,3.0,-2.514361830697013,2.0508310015302514e-9,5.156531202032966e-9
5,0.1,4.0,-2.514361835844391,3.640336316635371e-12,9.15312270421964e-12
5,0.1,5.0,-2.514361835854063,2.0629337818786636e-13,5.186961971048731e-13
5,0.1,6.0,-2.514361835854191,2.571602385629567e-13,6.465938895416912e-13
5,0.1,7.000000000000002,-2.514361835854294,2.981363205317795e-13,7.496225862269057e-13
5,0.1,8.000000000000002,-2.5143618358544018,3.4105523397326193e-13,8.575362642204709e-13
5,0.1,9.000000000000002,-2.5143618358545154,3.8627022097334224e-13,9.71223101942087e-13
5,0.1,10.000000000000002,-2.514361835854531,3.9245195747725944e-13,9.867662242868391e-13
6,10.0,0.0,1.3670704689250162,0.15080419695105224,0.17914425823953106
6,10.0,2.0,1.1879262051076953,4.695400888903705e-9,5.5777897856046366e-9
6,10.0,2.0,1.1879262051076571,4.695433038772698e-9,5.577827977276684e-9
6,10.0,4.0,1.1879262106845214,8.112234385488929e-13,9.636735853746359e-13
6,10.0,4.0,1.187926210684533,8.01503710713745e-13,9.521272659185342e-13
6,10.0,6.0,1.187926210684217,1.0674878012794304e-12,1.2680967387268538e-12
6,10.0,6.0,1.187926210684305,9.934683354579185e-13,1.1801670751765414e-12
6,10.0,8.0,1.1879262106838473,1.3787060098471508e-12,1.637801005927031e-12
6,10.0,8.0,1.1879262106838349,1.3891734090542333e-12,1.6502355038028327e-12
6,10.0,10.0,1.1879262106831303,1.9822637248412466e-12,2.354783035229957e-12
6,10.0,10.0,1.187926210682617,2.4144177778193664e-12,2.8681501618166294e-12
6,5.0,0.0,0.9389505927095572,0.44714322904120307,0.2901201425739104
6,5.0,1.0,0.6488806479528959,7.736661748633526e-5,5.0197817249131305e-5
6,5.0,2.0,0.6488305066472653,8.709766701614027e-8,5.651161849584696e-8
6,5.0,3.0,0.6488304502351961,1.5342894083890423e-10,9.954936874834175e-11
6,5.0,4.0,0.6488304501349829,1.0232463174116498e-12,6.639133687258436e-13
6,5.0,5.0,0.6488304501346008,1.6120407284841391e-12,1.04594111149936e-12
6,5.0,6.0,0.6488304501343786,1.9546057999654308e-12,1.2682077610293163e-12
6,5.0,7.0,0.6488304501342068,2.2193151733827924e-12,1.439959262938828e-12
6,5.0,8.0,0.6488304501338952,2.699624941438729e-12,1.7515988659511095e-12
6,5.0,9.0,0.6488304501336314,3.1061856856143275e-12,2.0153878566020467e-12
6,5.0,10.0,0.6488304501334523,3.382188413036567e-12,2.1944668304740844e-12
6,1.0,0.0,7.3406532742036,52.07094096925334,7.484387717605044
6,1.0,1.0,-0.14199443208274662,0.012105736645439824,0.0017400113186967492
6,1.0,2.0,-0.1437316842647849,1.919607154128686e-5,2.759136658481154e-6
6,1.0,3.0,-0.14373443831658309,3.5376769565466876e-8,5.084860282833503e-9
6,1.0,4.0,-0.14373444339269498,6.086495827697127e-11,8.74839090059254e-12
6,1.0,5.0,-0.14373444340246216,7.088044691569343e-12,1.018796158547275e-12
6,1.0,6.0,-0.1437344434027185,8.871352399482025e-12,1.275118899357608e-12
6,1.0,7.0,-0.14373444340278418,9.328427585689855e-12,1.3408163468398016e-12
6,1.0,8.0,-0.14373444340327476,1.2741525987136162e-11,1.8313961458460426e-12
6,1.0,9.0,-0.1437344434033667,1.3381083662134192e-11,1.9233226122850056e-12
6,1.0,10.0,-0.14373444340335823,1.3322187197498202e-11,1.9148571617222387e-12
6,0.5,0.0,18.28744225233595,33.96361932649077,18.842218779488704
6,0.5,1.0,-0.5523064394397953,0.004452401268012577,0.0024700877129585352
6,0.5,2.0,-0.5547726617873868,6.967427744003869e-6,3.865365367006213e-6
6,0.5,3.0,-0.5547765200369562,1.2826421576138229e-8,7.115797617807118e-9
6,0.5,4.0,-0.5547765271401388,2.2738921930149265e-11,1.2615020139605804e-11
6,0.5,5.0,-0.5547765271538283,1.9367687539822277e-12,1.0744738432322265e-12
6,0.5,6.0,-0.5547765271541124,2.4488777890556435e-12,1.358579915233804e-12
6,0.5,7.0,-0.5547765271541613,2.5369309252151993e-12,1.407429728317311e-12
6,0.5,8.0,-0.554776527154289,2.767269924578037e-12,1.5352163984516665e-12
6,0.5,9.0,-0.5547765271544914,3.1320900773481964e-12,1.7376100558408325e-12
6,0.5,10.0,-0.5547765271546515,3.4206642190347403e-12,1.89770421599178e-12
6,0.1,0.0,108.68716676638782,89.55795776361619,109.91446659930065
6,0.1,1.0000000000000002,-1.2240483985493869,0.002649258377008578,0.003251434363445549
6,0.1,2.0,-1.22729482188381,4.082970508112756e-6,5.011029022394808e-6
6,0.1,3.0,-1.2272998236996453,7.506875545035495e-9,9.213187102119491e-9
6,0.1,4.0,-1.2272998328963636,1.3418747286551881e-11,1.6468826302684647e-11
6,0.1,5.0,-1.2272998329137441,7.428626024158614e-13,9.117151478221786e-13
6,0.1,6.0,-1.227299832914001,9.521884745530148e-13,1.1686207557204398e-12
6,0.1,7.000000000000002,-1.227299832914153,1.0759386012097243e-12,1.3204992654891612e-12
6,0.1,8.000000000000002,-1.227299832914439,1.3089651554989667e-12,1.6064927166326015e-12
6,0.1,9.000000000000002,-1.2272998329146314,1.46582386867348e-12,1.7990053891026037e-12
6,0.1,10.000000000000002,-1.2272998329148017,1.6045904580677728e-12,1.9693136010801027e-12
7,10.0,0.0,-1.194676044117992,0.21676208657102314,0.21282753215068717
7,10.0,2.0,-0.9818491351147363,6.34667592645977e-7,6.231474314333241e-7
7,10.0,2.0,-0.9818491351147598,6.346676166178299e-7,6.231474549700522e-7
7,10.0,4.0,-0.9818485119704473,3.2005815896232157e-12,3.1424862712015056e-12
7,10.0,4.0,-0.9818485119704051,3.157613174005593e-12,3.1002977962657496e-12
7,10.0,6.0,-0.9818485119685514,1.2696036067228216e-12,1.2465584120491258e-12
7,10.0,6.0,-0.9818485119687392,1.4609261309991857e-12,1.4344081478157023e-12
7,10.0,8.0,-0.9818485119691424,1.8715006497033683e-12,1.8375301280570966e-12
7,10.0,8.0,-0.9818485119691588,1.888235716838653e-12,1.853961428821549e-12
7,10.0,10.0,-0.9818485119692532,1.9843492780885996e-12,1.9483303859146872e-12
7,10.0,10.0,-0.9818485119692487,1.9798262869709553e-12,1.9438894938161866e-12
7,5.0,0.0,-1.5520285012868964,0.2516461699715198,0.3120386874545962
7,5.0,1.0,-1.2404523072837863,0.00037298165382238207,0.000462493451486079
7,5.0,2.0,-1.2399906654526858,6.867962752957136e-7,8.516203855446491e-7
7,5.0,3.0,-1.2399898154216094,1.2817114390921971e-9,1.5893091287466632e-9
7,5.0,4.0,-1.2399898138361911,3.1378383666525333e-12,3.890887612101324e-12
7,5.0,5.0,-1.2399898138333314,8.315996903917345e-13,1.0311751452718454e-12
7,5.0,6.0,-1.2399898138334573,9.331322107302602e-13,1.1570744362643381e-12
7,5.0,7.0,-1.239989813833685,1.1166786540230095e-12,1.3846701563124952e-12
7,5.0,8.0,-1.239989813833825,1.2296716352110338e-12,1.52478030202019e-12
7,5.0,9.0,-1.2399898138340955,1.447778530753052e-12,1.7952306308188781e-12
7,5.0,10.0,-1.2399898138341916,1.5253157111879402e-12,1.8913759447514167e-12
7,1.0,0.0,0.8655846681212405,1.3738588796810405,3.1808557909034993
7,1.0,1.0,-2.3144302934065073,0.0003631667010736013,0.0008408293757518059
7,1.0,2.0,-2.315269632669471,6.436018544907758e-7,1.4901127882716025e-6
7,1.0,3.0,-2.315271120010408,1.1972037165507216e-9,2.7718511930174827e-9
7,1.0,4.0,-2.3152711227774585,2.0734523534808725e-12,4.800604358479177e-12
7,1.0,5.0,-2.315271122782736,2.06002574249626e-13,4.769518113789672e-13
7,1.0,6.0,-2.3152711227828413,2.5146124286895686e-13,5.822009541134321e-13
7,1.0,7.0,-2.3152711227829137,2.827260655902688e-13,6.545874953189923e-13
7,1.0,8.0,-2.3152711227830634,3.4736560704476037e-13,8.042455590384634e-13
7,1.0,9.0,-2.3152711227831686,3.9282427566409126e-13,9.094947017729282e-13
7,1.0,10.0,-2.3152711227832157,4.131560008693616e-13,9.565681580170349e-13
7,0.5,0.0,6.079145792656334,3.329144217379404,8.689179876117331
7,0.5,1.0,-2.608695570633886,0.000512833466655786,0.0013385128271110602
7,0.5,2.0,-2.6100317188153483,9.059826703439042e-7,2.3646456486225986e-6
7,0.5,3.0,-2.61003407906312,1.6849884073979598e-9,4.397877173545339e-9
7,0.5,4.0,-2.6100340834532987,2.9494965224908622e-12,7.698286452750835e-12
7,0.5,5.0,-2.6100340834616182,2.380355139870041e-13,6.212808045802376e-13
7,0.5,6.0,-2.610034083461673,2.5896358276498946e-13,6.759037773917953e-13
7,0.5,7.0,-2.6100340834617115,2.737663631201498e-13,7.145395386487507e-13
7,0.5,8.0,-2.610034083461901,3.4641908969087947e-13,9.041656312547275e-13
7,0.5,9.0,-2.61003408346202,3.9201845906079875e-13,1.0231815394945443e-12
7,0.5,10.0,-2.6100340834620677,4.1022417742863967e-13,1.070699084948501e-12
7,0.1,0.0,49.07009400136115,18.839724830327953,51.82070223484359
7,0.1,1.0000000000000002,-2.748803302705596,0.0006561933302135825,0.00180493077684174
7,0.1,2.0,-2.750605061204576,1.153300503908206e-6,3.1722778617293557e-6
7,0.1,3.0,-2.7506082275842396,2.144324974479528e-9,5.8981979300654075e-9
7,0.1,4.0,-2.7506082334718105,3.863529041450407e-12,1.0627054791711998e-11
7,0.1,5.0,-2.7506082334829265,1.7775785518750096e-13,4.889422200449189e-13
7,0.1,6.0,-2.750608233483063,2.2732339700635907e-13,6.252776074688882e-13
7,0.1,7.000000000000002,-2.7506082334831334,2.5299414993534424e-13,6.958877918350481e-13
7,0.1,8.000000000000002,-2.7506082334832667,3.014295328202219e-13,8.291145547900669e-13
7,0.1,9.000000000000002,-2.7506082334832715,3.0320549685933406e-13,8.339995360984176e-13
7,0.1,10.000000000000002,-2.750608233483448,3.673016535436555e-13,1.0103029524088925e-12
8,10.0,0.0,-1.0140272971367366,0.008253955933811763,0.008301218732632787
8,10.0,2.0,-1.0057260858764239,7.429776612604866e-9,7.472320096013618e-9
8,10.0,2.0,-1.005726085876434,7.429786768503222e-9,7.472330310065445e-9
8,10.0,4.0,-1.0057260784050164,9.074074400954252e-13,9.126033262418787e-13
8,10.0,4.0,-1.0057260784050244,9.153555344612245e-13,9.205969320191798e-13
8,10.0,6.0,-1.0057260784053554,1.2445391094447474e-12,1.2516654379624015e-12
8,10.0,6.0,-1.005726078405378,1.2670587101478456e-12,1.2743139876647547e-12
8,10.0,8.0,-1.00572607840568,1.5673200528558207e-12,1.5762946503627973e-12
8,10.0,8.0,-1.005726078405693,1.5801253160007196e-12,1.589173237448449e-12
8,10.0,10.0,-1.0057260784062563,2.1402451883905237e-12,2.1525004001432535e-12
8,10.0,10.0,-1.0057260784062043,2.0885825750128276e-12,2.100541962590796e-12
8,5.0,0.0,-1.1194473469316248,0.07762377071321737,0.0942085468214322
8,5.0,1.0,-1.2135508215474906,8.65749559716765e-5,0.0001050722055664366
8,5.0,2.0,-1.2136556884432712,1.6916638966264214e-7,2.0530978583899184e-7
8,5.0,3.0,-1.2136558933691397,3.1633129648818246e-10,3.839173423614284e-10
8,5.0,4.0,-1.2136558937531896,1.092242288959838e-13,1.325606291402437e-13
8,5.0,5.0,-1.2136558937540554,8.22566387129553e-13,9.983125437429408e-13
8,5.0,6.0,-1.2136558937542945,1.019609091519795e-12,1.2374545832471995e-12
8,5.0,7.0,-1.2136558937543618,1.0750445041755457e-12,1.304734098539484e-12
8,5.0,8.0,-1.2136558937546202,1.2880043072491221e-12,1.5631940186722204e-12
8,5.0,9.0,-1.2136558937549675,1.5741461732345804e-12,1.9104717807749694e-12
8,5.0,10.0,-1.213655893755009,1.6083587876458852e-12,1.9519941218959502e-12
8,1.0,0.0,4.195109757132223,4.2698362914832675,5.478082170172887
8,1.0,1.0,-1.2812009217398457,0.0013807711551799906,0.0017714913008182176
8,1.0,2.0,-1.2829691728669739,2.5255209364502344e-6,3.2401736900222744e-6
8,1.0,3.0,-1.2829724069983455,4.7096245889358355e-9,6.042318423382653e-9
8,1.0,4.0,-1.2829724130301905,8.163386693780705e-12,1.0473399925103877e-11
8,1.0,5.0,-1.2829724130416722,7.859128853557109e-13,1.0083045509645672e-12
8,1.0,6.0,-1.282972413041878,9.463491867705412e-13,1.2141398997300712e-12
8,1.0,7.0,-1.282972413041971,1.0188657027282693e-12,1.3071765891936593e-12
8,1.0,8.0,-1.2829724130423195,1.2904132290711695e-12,1.6555645743210334e-12
8,1.0,9.0,-1.2829724130422384,1.227242517079354e-12,1.574518293523397e-12
8,1.0,10.0,-1.2829724130423774,1.335584614906413e-12,1.7135182162064666e-12
8,0.5,0.0,12.805506956915757,11.247465440334476,14.055133709157605
8,0.5,1.0,-1.2471747534170143,0.0019621849647786706,0.002451998824834156
8,0.5,2.0,-1.2496222912243644,3.569879947014393e-6,4.461017484080898e-6
8,0.5,3.0,-1.2496267439253967,6.655148615024074e-9,8.31645174947937e-9
8,0.5,4.0,-1.2496267522270295,1.1858768917603677e-11,1.4819034888091664e-11
8,0.5,5.0,-1.2496267522427185,6.961844891168763e-13,8.699707620962727e-13
8,0.5,6.0,-1.249626752242991,9.14208574912284e-13,1.142419492339286e-12
8,0.5,7.0,-1.2496267522433433,1.1962006076403295e-12,1.4948042803553108e-12
8,0.5,8.0,-1.249626752243546,1.3584304286111587e-12,1.6975310046518644e-12
8,0.5,9.0,-1.2496267522438191,1.576987580631005e-12,1.970645868709653e-12
8,0.5,10.0,-1.2496267522437001,1.4817464151979663e-12,1.851629960469836e-12
8,0.1,0.0,81.65393027506455,67.36999845159258,82.88421402043211
8,0.1,1.0000000000000002,-1.2271119447518057,0.002578104951559505,0.0031718006157552825
8,0.1,2.0,-1.230277998780619,4.670944376626169e-6,5.74658694207919e-6
8,0.1,3.0,-1.2302837346568944,8.705850675670763e-9,1.0710666575874939e-8
8,0.1,4.0,-1.230283745348457,1.552816717758664e-11,1.910405167393492e-11
8,0.1,5.0,-1.2302837453684852,7.511678904786963e-13,9.241496456979803e-13
8,0.1,6.0,-1.230283745368695,9.217237906474535e-13,1.1339817973521349e-12
8,0.1,7.000000000000002,-1.2302837453688882,1.078743508263135e-12,1.3271606036369121e-12
8,0.1,8.000000000000002,-1.2302837453690236,1.1888377930281528e-12,1.4626078126411812e-12
8,0.1,9.000000000000002,-1.2302837453692175,1.3463989579459571e-12,1.6564527527407336e-12
8,0.1,10.000000000000002,-1.2302837453692437,1.3676958851627967e-12,1.6826540161218873e-12
9,10.0,0.0,-0.21769525280535662,0.4093015708174215,0.15084348379939128
9,10.0,2.0,-0.36853832022628685,1.1298092159303315e-6,4.163784610433652e-7
9,10.0,2.0,-0.3685383202263188,1.1298091291703251e-6,4.1637842906894207e-7
9,10.0,4.0,-0.36853873660422665,1.414368852684659e-12,5.21249710061511e-13
9,10.0,4.0,-0.36853873660422176,1.427623853646986e-12,5.261346913698617e-13
9,10.0,6.0,-0.36853873660601255,3.4315389991333227e-12,1.2646550473505158e-12
9,10.0,6.0,-0.3685387366060374,3.4990190040324417e-12,1.2895240431021193e-12
9,10.0,8.0,-0.36853873660627845,4.1530328015145274e-12,1.5305534617482408e-12
9,10.0,8.0,-0.36853873660625625,4.092782797140314e-12,1.5083490012557377e-12
9,10.0,10.0,-0.3685387366067574,5.45262539586631e-12,2.0095036745715333e-12
9,10.0,10.0,-0.3685387366067907,5.54300040242763e-12,2.042810365310288e-12
9,5.0,0.0,-0.5436690375115698,0.42407820942330077,0.40032899556713497
9,5.0,1.0,-0.9434622804966402,0.0005675356974180807,0.0005357525820646192
9,5.0,2.0,-0.9439970194348322,1.0737775261143283e-6,1.0136438726160435e-6
9,5.0,3.0,-0.9439980311845612,2.00651225252244e-9,1.8941436197295047e-9
9,5.0,4.0,-0.9439980330760419,2.8208426620115893e-12,2.662869924563438e-12
9,5.0,5.0,-0.9439980330798343,1.196550062259992e-12,1.1295409052536343e-12
9,5.0,6.0,-0.9439980330799977,1.3696699454570343e-12,1.2929657344784573e-12
9,5.0,7.0,-0.9439980330802058,1.5900684924076168e-12,1.5010215292932116e-12
9,5.0,8.0,-0.9439980330803015,1.6914471196602325e-12,1.5967227540159001e-12
9,5.0,9.0,-0.9439980330804834,1.884090033163463e-12,1.7785772854495008e-12
9,5.0,10.0,-0.9439980330807012,2.1148381383486514e-12,1.9964030428809565e-12
9,1.0,0.0,6.244358935025376,78.18085941372442,6.325264472777331
9,1.0,1.0,-0.07837831317673438,0.031236731692807898,0.002527224575220144
9,1.0,2.0,-0.08090087132185714,5.767751166422375e-5,4.666430097388652e-6
9,1.0,3.0,-0.08090552904437869,1.076264503379662e-7,8.707575840927184e-9
9,1.0,4.0,-0.08090553773650278,1.909850848182794e-10,1.545175098982554e-11
9,1.0,5.0,-0.08090553775292851,1.2038542833766807e-11,9.73984781715842e-13
9,1.0,6.0,-0.08090553775298609,1.2750223927725436e-11,1.0315637233304642e-12
9,1.0,7.0,-0.08090553775320489,1.5454577778617638e-11,1.250360925908467e-12
9,1.0,8.0,-0.0809055377534559,1.8557054507089495e-11,1.501368473988407e-12
9,1.0,9.0,-0.0809055377536275,2.0678032267224094e-11,1.6729673202320328e-12
9,1.0,10.0,-0.08090553775391528,2.42350654909937e-11,1.960751006002681e-12
9,0.5,0.0,16.163250295452652,51.628965850034355,15.856133291833206
9,0.5,1.0,0.3104778873114562,0.010943333167497595,0.0033608836920111518
9,0.5,2.0,0.30712318637253283,2.0131588335764117e-5,6.182753087780046e-6
9,0.5,3.0,0.3071170151540634,3.755773283672914e-8,1.1534618371555894e-8
9,0.5,4.0,0.3071170036400988,6.725044930579759e-11,2.0653756482857943e-11
9,0.5,5.0,0.3071170036185437,2.934824682187885e-12,9.013345625419333e-13
9,0.5,6.0,0.3071170036182301,3.956057634972362e-12,1.21497256699854e-12
9,0.5,7.0,0.3071170036180987,4.383890979970743e-12,1.3463674619629273e-12
9,0.5,8.0,0.3071170036179722,4.795818395793013e-12,1.472877375618964e-12
9,0.5,9.0,0.3071170036177261,5.597079578039665e-12,1.7189583090271299e-12
9,0.5,10.0,0.30711700361748584,6.379362094792093e-12,1.9592105715560137e-12
9,0.1,0.0,93.38282766556526,270.44014723052476,93.03880034087383
9,0.1,1.0000000000000002,0.34831537537284657,0.01246427354357055,0.004288050681416744
9,0.1,2.0,0.3440351915917174,2.286707980142519e-5,7.86690028758974e-6
9,0.1,3.0,0.34402733936628876,4.265608539175408e-8,1.4674858939134339e-8
9,0.1,4.0,0.3440273247180503,7.737898034445083e-11,2.6620483595252153e-11
9,0.1,5.0,0.3440273246902175,3.5238713460531117e-12,1.2123080317394397e-12
9,0.1,6.0,0.3440273246901885,3.6082609570236588e-12,1.2413403638333875e-12
9,0.1,7.000000000000002,0.3440273246896901,5.05692238588326e-12,1.7397194795876203e-12
9,0.1,8.000000000000002,0.3440273246900573,3.989547096074142e-12,1.3725132141928498e-12
9,0.1,9.000000000000002,0.3440273246897342,4.928805079744418e-12,1.6956436255100016e-12
9,0.1,10.000000000000002,0.34402732468945607,5.737202691527288e-12,1.9737544931786033e-12
10,10.0,0.0,-0.8267468434693166,0.42466674743117294,0.2464379080919521
10,10.0,2.0,-0.5803098118326367,1.5103253091862024e-6,8.76455272247334e-7
10,10.0,2.0,-0.5803098118326381,1.5103253114819926e-6,8.764552735796016e-7
10,10.0,4.0,-0.5803089353813045,6.789417204523433e-12,3.9399594697897555e-12
10,10.0,4.0,-0.5803089353812667,6.724369812460257e-12,3.9022118869525e-12
10,10.0,6.0,-0.5803089353785859,2.1046657649617417e-12,1.2213563493901347e-12
10,10.0,6.0,-0.5803089353785774,2.0901257596770318e-12,1.2129186544029835e-12
10,10.0,8.0,-0.5803089353794596,3.610321575365242e-12,2.095101869770133e-12
10,10.0,8.0,-0.5803089353791412,3.0616276917264568e-12,1.776689906307638e-12
10,10.0,10.0,-0.5803089353794527,3.598459992106663e-12,2.088218487017457e-12
10,10.0,10.0,-0.5803089353794931,3.6680989647860626e-12,2.1286306051138126e-12
10,5.0,0.0,-1.3609212831951003,0.31194802065772054,0.32359262248121934
10,5.0,1.0,-1.0379555661919608,0.0006043460494463088,0.0006269054780798644
10,5.0,2.0,-1.0373298165568992,1.114249573891344e-6,1.1558430181857204e-6
10,5.0,3.0,-1.0373286628708902,2.079388451878333e-9,2.157009237890861e-9
10,5.0,4.0,-1.0373286607187095,4.6548236461303795e-12,4.828581978699731e-12
10,5.0,5.0,-1.0373286607149461,1.0268182208446348e-12,1.0651479698253752e-12
10,5.0,6.0,-1.0373286607151406,1.2143297408487833e-12,1.2596590437397026e-12
10,5.0,7.0,-1.0373286607151992,1.270840061945924e-12,1.3182788194399109e-12
10,5.0,8.0,-1.0373286607156957,1.7494653572989787e-12,1.8147705560522809e-12
10,5.0,9.0,-1.0373286607157133,1.7663756427788048e-12,1.8323120798413584e-12
10,5.0,10.0,-1.0373286607159709,2.0146785688116955e-12,2.0898838215543947e-12
10,1.0,0.0,2.476494467970444,2.2667642462538273,4.431471074939045
10,1.0,1.0,-1.9533267493226982,0.0008439270526418381,0.0016498576459027525
10,1.0,2.0,-1.9549735675351547,1.5547160183028e-6,3.0394334462613415e-6
10,1.0,3.0,-1.954976601298281,2.900454138997e-9,5.670319991324391e-9
10,1.0,4.0,-1.9549766069586358,5.097319215436797e-12,9.96513982443048e-12
10,1.0,5.0,-1.9549766069696775,5.506317778122861e-13,1.0764722446765518e-12
10,1.0,6.0,-1.9549766069697934,6.099201004232625e-13,1.1923795284474181e-12
10,1.0,7.0,-1.9549766069699483,6.891983555620776e-13,1.34736666268509e-12
10,1.0,8.0,-1.9549766069701768,8.060713133526805e-13,1.5758505611529472e-12
10,1.0,9.0,-1.9549766069702768,8.571819362931773e-13,1.6757706333692113e-12
10,1.0,10.0,-1.9549766069704888,9.656500360891207e-13,1.887823231072616e-12
10,0.5,0.0,9.569729083594883,5.571033948186576,11.66328804466788
10,0.5,1.0,-2.0910422408399767,0.0012021253185673518,0.0025167202330194094
10,0.5,2.0,-2.0935543407449346,2.2069252155714716e-6,4.620328061477608e-6
10,0.5,3.0,-2.093558952454933,4.116465460128465e-9,8.618063151999422e-9
10,0.5,4.0,-2.093558961057573,7.366985379856667e-12,1.5423218258092675e-11
10,0.5,5.0,-2.0935589610738004,3.841523329375302e-13,8.042455590384634e-13
10,0.5,6.0,-2.093558961074101,5.277586992537687e-13,1.1048939541069558e-12
10,0.5,7.0,-2.0935589610742023,5.761224385744516e-13,1.20614629395277e-12
10,0.5,8.0,-2.093558961074388,6.647892939957038e-13,1.3917755836700962e-12
10,0.5,9.0,-2.0935589610746335,7.820925740147288e-13,1.6373569167171809e-12
10,0.5,10.0,-2.0935589610746828,8.056380786840087e-13,1.6866508190105378e-12
10,0.1,0.0,66.69876503720411,32.04839693935973,68.84698432103615
10,0.1,1.0000000000000002,-2.144873556150634,0.001557442346124308,0.003345727681400845
10,0.1,2.0,-2.148213157658915,2.8517447757821558e-6,6.126173119902489e-6
10,0.1,3.0,-2.148219272406639,5.3185425839002125e-9,1.1425395740616295e-8
10,0.1,4.0,-2.148219283811397,9.606893446807795e-12,2.063771376015211e-11
10,0.1,5.0,-2.14821928383283,3.7003656545416493e-13,7.949196856316121e-13
10,0.1,6.0,-2.148219283833179,5.325218953128095e-13,1.1439738045737613e-12
10,0.1,7.000000000000002,-2.1482192838332606,5.705591735494387e-13,1.2256862191861728e-12
10,0.1,8.000000000000002,-2.148219283833506,6.848777325975689e-13,1.4712675522332574e-12
10,0.1,9.000000000000002,-2.1482192838336966,7.73562473703623e-13,1.6617818232589343e-12
10,0.1,10.000000000000002,-2.148219283833778,8.113930276020097e-13,1.7430501486614958e-12
